customer_id,order_date,product_id,category_id,category_name,product_name,quantity,price,payment_method,city,review_score,gender,age,Total_Amount,Customer_Type
63313,2024-08-09,182,50,Sports & Outdoors,Tent,5,266.16,Bank Transfer,Jeffreyview,1.0,F,59,1330.8000000000002,Senior
38523,2024-06-20,383,30,Home & Living,Blanket,3,40.44,Credit Card,Rodgersfurt,4.0,M,60,121.32,Senior
43226,2024-09-09,221,10,Electronics,Headphones,1,306.53,Cash on Delivery,North David,5.0,M,32,306.53,Adult
36759,2024-04-16,952,40,Books & Stationery,Novel,5,155.25,Cash on Delivery,Michaelfurt,0.0,F,43,776.25,Adult
32747,2024-06-30,322,50,Sports & Outdoors,Basketball,1,24.0,Cash on Delivery,Port Kimberlymouth,3.0,Unknown,71,24.0,Senior
79047,2024-09-16,517,50,Sports & Outdoors,Basketball,3,310.39,Bank Transfer,Rhodesfurt,4.0,M,62,931.17,Senior
24744,2024-07-08,818,10,Electronics,Smartphone,5,200.44,Bank Transfer,South Kristi,5.0,Unknown,34,1002.2,Adult
90219,2024-07-15,430,40,Books & Stationery,Eraser,1,405.65,Cash on Delivery,West April,5.0,M,58,405.65,Senior
44704,2025-02-25,911,30,Home & Living,Carpet,4,37.52,Cash on Delivery,Mccannfurt,0.0,F,62,150.08,Senior
52435,2024-11-11,529,10,Electronics,Smartphone,5,340.31,Bank Transfer,West Kendrafort,4.0,M,18,1701.55,Young
37401,2024-08-16,861,50,Sports & Outdoors,Soccer Ball,1,376.51,Credit Card,Lake Jeffrey,0.0,F,63,376.51,Senior
50447,2024-10-21,910,40,Books & Stationery,Notebook,3,167.32,Credit Card,Kathyton,5.0,M,22,501.96,Young
87219,2024-05-06,234,50,Sports & Outdoors,Yoga Mat,1,52.5,Cash on Delivery,Sanchezborough,0.0,Unknown,25,52.5,Adult
63722,2024-06-24,614,30,Home & Living,Blanket,1,404.83,Credit Card,East Carlos,4.0,Unknown,36,404.83,Adult
47485,2025-01-16,868,30,Home & Living,Carpet,1,55.6,Cash on Delivery,Tatemouth,5.0,F,55,55.6,Senior
37431,2024-04-28,736,40,Books & Stationery,Notebook,5,422.39,Bank Transfer,Lake Linda,5.0,M,26,2111.95,Adult
61332,2024-06-01,200,50,Sports & Outdoors,Basketball,2,68.94,Bank Transfer,Paulberg,0.0,Unknown,39,137.88,Adult
85558,2024-04-27,619,40,Books & Stationery,Pen,3,367.51,Bank Transfer,South Lauramouth,4.0,F,60,1102.53,Senior
54630,2025-02-05,967,30,Home & Living,Blanket,4,416.89,Cash on Delivery,Port Steve,4.0,F,64,1667.56,Senior
62597,2024-08-17,828,20,Fashion,Pants,1,132.34,Cash on Delivery,Ramosport,3.0,M,54,132.34,Senior
29123,2024-09-12,506,20,Fashion,T-shirt,3,72.66,Cash on Delivery,East Daleton,0.0,F,39,217.98,Adult
78972,2024-10-24,112,10,Electronics,Tablet,4,288.22,Credit Card,Robinsonstad,5.0,Unknown,60,1152.88,Senior
44470,2024-03-20,188,50,Sports & Outdoors,Tent,5,28.5,Bank Transfer,Lake Triciaburgh,5.0,F,61,142.5,Senior
21838,2024-06-25,582,10,Electronics,Smartphone,2,289.97,Cash on Delivery,Popeport,4.0,M,70,579.94,Senior
33678,2024-04-01,732,20,Fashion,Shirt,1,380.08,Cash on Delivery,Port Kenneth,1.0,M,29,380.08,Adult
53860,2024-05-14,490,50,Sports & Outdoors,Soccer Ball,2,179.13,Credit Card,West Thomas,2.0,F,62,358.26,Senior
45453,2024-08-15,363,40,Books & Stationery,Novel,3,292.74,Cash on Delivery,West Michaelton,0.0,M,63,878.22,Senior
71713,2024-10-03,819,30,Home & Living,Carpet,3,467.51,Cash on Delivery,Floydchester,2.0,M,50,1402.53,Senior
71870,2024-12-30,522,10,Electronics,Smartwatch,3,286.01,Cash on Delivery,West Justin,5.0,M,56,858.03,Senior
87653,2024-07-28,653,10,Electronics,Headphones,2,459.77,Credit Card,Johnland,5.0,M,28,919.54,Adult
89104,2024-12-07,358,40,Books & Stationery,Notebook,3,284.47,Cash on Delivery,Christophertown,4.0,F,55,853.4100000000001,Senior
60295,2024-09-14,636,50,Sports & Outdoors,Yoga Mat,2,349.54,Credit Card,Joshuabury,5.0,M,71,699.08,Senior
47453,2024-08-04,175,30,Home & Living,Carpet,2,36.36,Cash on Delivery,Alvaradoborough,2.0,F,58,72.72,Senior
95344,2024-10-12,551,20,Fashion,Pants,3,360.32,Cash on Delivery,Wrightmouth,3.0,M,61,1080.96,Senior
62821,2025-01-15,146,10,Electronics,Tablet,5,184.27,Credit Card,Larsonburgh,2.0,F,36,921.35,Adult
55540,2024-10-06,424,10,Electronics,Tablet,4,225.09,Cash on Delivery,Villanuevaburgh,1.0,F,23,900.36,Young
45059,2025-01-15,856,50,Sports & Outdoors,Yoga Mat,1,230.09,Credit Card,Lake Lorichester,1.0,M,49,230.09,Adult
26583,2024-04-10,217,20,Fashion,Dress,4,43.23,Cash on Delivery,Lake Nicholas,5.0,M,60,172.92,Senior
86435,2024-07-30,988,40,Books & Stationery,Notebook,4,431.48,Bank Transfer,Christopherport,3.0,F,48,1725.92,Adult
55426,2024-12-08,139,50,Sports & Outdoors,Running Shoes,5,448.92,Bank Transfer,East Josestad,5.0,Unknown,69,2244.6,Senior
81896,2025-01-20,105,40,Books & Stationery,Story Book,2,307.59,Bank Transfer,New Matthew,0.0,M,21,615.18,Young
13542,2024-12-17,784,10,Electronics,Smartphone,2,373.36,Credit Card,New Oliviaberg,1.0,F,56,746.72,Senior
69355,2024-12-04,683,30,Home & Living,Painting,1,404.07,Bank Transfer,South Susanstad,5.0,M,18,404.07,Young
63051,2024-08-15,525,50,Sports & Outdoors,Running Shoes,1,100.18,Cash on Delivery,South Wesley,5.0,Unknown,33,100.18,Adult
23420,2024-08-19,508,20,Fashion,Shirt,4,498.66,Credit Card,Port Adrianhaven,5.0,F,56,1994.64,Senior
61930,2024-04-05,660,10,Electronics,Smartwatch,3,362.2,Credit Card,Maxwellhaven,2.0,F,44,1086.6,Adult
99828,2024-09-12,510,40,Books & Stationery,Story Book,5,427.73,Credit Card,Douglastown,3.0,F,72,2138.65,Senior
93992,2024-12-05,853,30,Home & Living,Pillow,1,153.82,Credit Card,West Cynthiaton,4.0,Unknown,29,153.82,Adult
46326,2024-12-15,625,10,Electronics,Headphones,4,427.65,Cash on Delivery,Andersonchester,3.0,M,31,1710.6,Adult
17937,2025-02-17,787,10,Electronics,Smartphone,4,260.64,Cash on Delivery,Joetown,5.0,F,53,1042.56,Senior
47566,2024-09-07,574,20,Fashion,Dress,4,216.03,Bank Transfer,South John,3.0,F,32,864.12,Adult
52134,2024-04-11,592,50,Sports & Outdoors,Basketball,1,340.27,Bank Transfer,West Rogerberg,1.0,M,65,340.27,Senior
40540,2024-10-25,509,10,Electronics,Headphones,3,492.35,Credit Card,North Jimmyborough,5.0,M,72,1477.0500000000002,Senior
97350,2025-03-06,770,40,Books & Stationery,Story Book,4,143.74,Bank Transfer,West Kathleen,0.0,M,70,574.96,Senior
50848,2024-08-27,721,50,Sports & Outdoors,Yoga Mat,4,350.05,Bank Transfer,Michaelside,1.0,M,65,1400.2,Senior
59266,2024-10-14,405,10,Electronics,Laptop,2,486.1,Cash on Delivery,North Michaelborough,4.0,F,63,972.2,Senior
36683,2025-02-21,125,10,Electronics,Headphones,2,95.77,Cash on Delivery,Ellisland,0.0,M,68,191.54,Senior
25370,2024-09-09,576,10,Electronics,Laptop,1,366.61,Cash on Delivery,Port Markport,2.0,F,57,366.61,Senior
84308,2024-06-26,144,20,Fashion,Dress,5,291.3,Credit Card,Lewisfort,0.0,F,68,1456.5,Senior
32080,2024-05-13,354,20,Fashion,Pants,4,21.6,Credit Card,Garrisonberg,3.0,M,18,86.4,Young
11849,2024-08-14,141,40,Books & Stationery,Eraser,5,409.35,Cash on Delivery,South Scott,4.0,Unknown,23,2046.75,Young
47189,2024-05-10,700,30,Home & Living,Carpet,1,385.88,Bank Transfer,New Amy,5.0,M,57,385.88,Senior
58295,2024-07-17,187,20,Fashion,T-shirt,3,248.91,Cash on Delivery,Penningtonberg,5.0,M,39,746.73,Adult
65789,2024-08-12,368,30,Home & Living,Vase,3,91.58,Bank Transfer,Pughton,5.0,M,69,274.74,Senior
73507,2024-12-25,133,20,Fashion,T-shirt,4,54.68,Cash on Delivery,Beckerview,4.0,M,74,218.72,Senior
21664,2024-06-10,395,40,Books & Stationery,Novel,3,326.37,Bank Transfer,Simpsonshire,0.0,F,39,979.11,Adult
64684,2024-11-16,166,20,Fashion,Pants,1,197.69,Credit Card,New Brooke,5.0,M,53,197.69,Senior
83687,2024-08-26,115,50,Sports & Outdoors,Tent,5,475.89,Cash on Delivery,Melanieborough,5.0,F,52,2379.45,Senior
37813,2024-08-02,792,10,Electronics,Smartphone,5,221.15,Bank Transfer,Phillipsborough,5.0,F,24,1105.75,Young
58789,2024-07-01,318,40,Books & Stationery,Pen,4,49.32,Cash on Delivery,Lauraberg,5.0,M,72,197.28,Senior
66566,2024-07-28,794,30,Home & Living,Vase,5,100.1,Cash on Delivery,Michaelstad,4.0,F,19,500.5,Young
26186,2024-05-27,822,50,Sports & Outdoors,Running Shoes,3,142.84,Credit Card,Rebeccaborough,5.0,M,38,428.52,Adult
42068,2024-05-12,529,40,Books & Stationery,Notebook,5,152.81,Cash on Delivery,Rosebury,5.0,Unknown,19,764.05,Young
33156,2025-03-16,855,10,Electronics,Headphones,3,301.07,Cash on Delivery,New Danielberg,5.0,F,60,903.21,Senior
42097,2024-05-08,317,10,Electronics,Laptop,3,213.16,Bank Transfer,West Daniel,5.0,F,63,639.48,Senior
68904,2024-12-16,957,10,Electronics,Laptop,4,266.13,Cash on Delivery,Chenmouth,5.0,F,25,1064.52,Adult
78752,2024-04-07,158,30,Home & Living,Pillow,5,178.2,Credit Card,Lake Tinahaven,3.0,F,49,891.0,Adult
99259,2024-09-04,426,50,Sports & Outdoors,Running Shoes,3,232.33,Bank Transfer,Johntown,0.0,F,62,696.99,Senior
27303,2024-05-25,119,50,Sports & Outdoors,Yoga Mat,1,470.23,Credit Card,Mccallhaven,5.0,M,26,470.23,Adult
99624,2024-06-29,624,20,Fashion,Dress,4,120.07,Credit Card,West Louis,0.0,M,20,480.28,Young
93989,2024-04-25,573,50,Sports & Outdoors,Running Shoes,5,85.85,Bank Transfer,Williamston,1.0,M,70,429.25,Senior
52324,2024-09-20,932,20,Fashion,T-shirt,2,260.14,Credit Card,New Patriciaville,4.0,M,64,520.28,Senior
60664,2024-08-12,809,30,Home & Living,Vase,3,186.36,Bank Transfer,East William,0.0,M,21,559.08,Young
36989,2024-12-22,639,10,Electronics,Smartwatch,3,185.56,Credit Card,Andersonfort,4.0,F,48,556.6800000000001,Adult
57449,2024-10-20,247,10,Electronics,Smartphone,5,37.52,Cash on Delivery,Luketon,1.0,F,32,187.60000000000002,Adult
68218,2024-06-11,680,50,Sports & Outdoors,Basketball,4,237.15,Cash on Delivery,Markton,4.0,F,39,948.6,Adult
64496,2024-06-18,146,40,Books & Stationery,Pen,1,405.91,Cash on Delivery,Bradleyview,1.0,M,61,405.91,Senior
42912,2024-10-05,811,40,Books & Stationery,Novel,5,60.3,Bank Transfer,Joshuaborough,0.0,F,21,301.5,Young
75453,2024-06-22,260,50,Sports & Outdoors,Soccer Ball,3,158.9,Credit Card,Spencerside,4.0,F,33,476.70000000000005,Adult
70476,2024-10-13,883,30,Home & Living,Pillow,1,489.19,Cash on Delivery,West Amandamouth,3.0,M,32,489.19,Adult
55003,2024-11-13,910,10,Electronics,Smartphone,4,159.14,Bank Transfer,Englishmouth,0.0,M,74,636.56,Senior
16430,2024-10-23,522,20,Fashion,Dress,2,204.96,Bank Transfer,Rodriguezport,5.0,F,57,409.92,Senior
60294,2024-04-19,486,30,Home & Living,Blanket,4,150.77,Bank Transfer,Thomastown,5.0,F,26,603.08,Adult
23743,2024-04-14,388,40,Books & Stationery,Pen,4,235.81,Cash on Delivery,Fishertown,5.0,M,43,943.24,Adult
41135,2024-08-17,862,30,Home & Living,Vase,4,57.84,Cash on Delivery,Lake Emily,5.0,M,23,231.36,Young
49993,2024-03-23,880,10,Electronics,Smartphone,1,162.38,Credit Card,Scottville,5.0,F,73,162.38,Senior
14447,2024-03-20,761,40,Books & Stationery,Pen,2,109.97,Cash on Delivery,Peterston,0.0,F,69,219.94,Senior
28186,2024-05-17,889,50,Sports & Outdoors,Tent,1,75.71,Credit Card,Port Christopherbury,2.0,M,41,75.71,Adult
58130,2024-05-17,171,40,Books & Stationery,Novel,1,138.55,Bank Transfer,Lake Mallory,4.0,F,56,138.55,Senior
87467,2024-10-05,199,20,Fashion,Skirt,4,53.77,Credit Card,Judithbury,0.0,M,38,215.08,Adult
22264,2024-03-26,870,50,Sports & Outdoors,Soccer Ball,1,138.85,Cash on Delivery,Danielton,5.0,F,63,138.85,Senior
11164,2024-11-20,154,10,Electronics,Smartphone,5,129.83,Bank Transfer,Yatesstad,3.0,Unknown,44,649.1500000000001,Adult
72324,2024-04-19,735,40,Books & Stationery,Pen,1,267.65,Cash on Delivery,Crosbyfort,4.0,M,64,267.65,Senior
69895,2024-04-27,848,20,Fashion,Pants,3,435.72,Credit Card,South Carolynchester,5.0,M,50,1307.16,Senior
18819,2024-06-16,775,10,Electronics,Laptop,4,476.13,Cash on Delivery,Wesleyborough,4.0,F,70,1904.52,Senior
46239,2025-01-26,413,50,Sports & Outdoors,Soccer Ball,2,433.67,Cash on Delivery,Landryburgh,0.0,Unknown,52,867.34,Senior
24175,2025-03-19,122,40,Books & Stationery,Pen,5,470.43,Credit Card,Frazierbury,4.0,M,25,2352.15,Adult
97390,2024-07-24,512,10,Electronics,Headphones,3,312.87,Credit Card,Davidborough,5.0,F,71,938.61,Senior
11145,2024-04-09,461,30,Home & Living,Blanket,1,38.38,Cash on Delivery,Douglasport,5.0,M,34,38.38,Adult
10254,2024-09-10,318,30,Home & Living,Vase,1,70.93,Cash on Delivery,Port Christine,3.0,M,73,70.93,Senior
46244,2024-07-23,263,50,Sports & Outdoors,Basketball,5,272.22,Cash on Delivery,Lake Ellen,5.0,M,62,1361.1000000000001,Senior
92507,2024-07-19,170,20,Fashion,Skirt,1,394.75,Credit Card,Bridgetchester,0.0,M,48,394.75,Adult
89618,2025-03-01,567,20,Fashion,T-shirt,1,98.87,Cash on Delivery,New Michealtown,5.0,F,42,98.87,Adult
21298,2025-01-17,479,30,Home & Living,Carpet,4,276.73,Credit Card,Wayneside,3.0,M,55,1106.92,Senior
98713,2025-02-05,260,20,Fashion,Skirt,1,463.67,Bank Transfer,Catherinebury,0.0,M,37,463.67,Adult
58481,2024-04-18,128,50,Sports & Outdoors,Yoga Mat,4,99.56,Cash on Delivery,Taylorland,5.0,Unknown,57,398.24,Senior
73009,2024-03-27,569,30,Home & Living,Vase,4,169.83,Cash on Delivery,Jacobfurt,2.0,M,29,679.32,Adult
23687,2025-03-03,371,10,Electronics,Headphones,2,308.07,Credit Card,New Peterport,0.0,F,68,616.14,Senior
39860,2025-03-11,967,30,Home & Living,Blanket,1,77.42,Bank Transfer,Port Josephview,5.0,F,53,77.42,Senior
98794,2024-07-09,993,50,Sports & Outdoors,Soccer Ball,2,32.2,Credit Card,East Alexandriashire,5.0,F,57,64.4,Senior
41063,2024-07-21,890,50,Sports & Outdoors,Running Shoes,5,82.41,Cash on Delivery,South Jerry,1.0,F,27,412.04999999999995,Adult
49765,2024-04-21,389,40,Books & Stationery,Eraser,3,385.37,Credit Card,Jensenstad,1.0,M,35,1156.1100000000001,Adult
92929,2024-10-13,716,40,Books & Stationery,Story Book,2,55.07,Bank Transfer,Rogersfurt,0.0,Unknown,44,110.14,Adult
18860,2025-01-13,860,20,Fashion,Skirt,1,145.57,Bank Transfer,West Austin,0.0,F,61,145.57,Senior
99026,2024-08-18,665,20,Fashion,Skirt,5,470.2,Credit Card,West Antonio,1.0,F,34,2351.0,Adult
27148,2025-01-07,635,30,Home & Living,Carpet,1,235.88,Cash on Delivery,Kurtfurt,4.0,F,40,235.88,Adult
66782,2024-07-04,865,20,Fashion,Dress,2,62.97,Credit Card,Hardingfort,5.0,F,48,125.94,Adult
32285,2024-08-23,978,10,Electronics,Laptop,1,127.53,Cash on Delivery,West Danielborough,0.0,M,43,127.53,Adult
33743,2024-12-24,405,50,Sports & Outdoors,Basketball,3,405.54,Cash on Delivery,New Jonathan,5.0,F,64,1216.6200000000001,Senior
66122,2024-11-06,280,50,Sports & Outdoors,Yoga Mat,1,401.05,Cash on Delivery,Ryanberg,0.0,M,46,401.05,Adult
45679,2025-02-08,470,10,Electronics,Smartwatch,4,431.73,Credit Card,Gutierrezville,3.0,Unknown,75,1726.92,Senior
92654,2024-06-10,693,50,Sports & Outdoors,Running Shoes,1,386.91,Credit Card,Wendyborough,5.0,F,31,386.91,Adult
92632,2024-10-15,712,50,Sports & Outdoors,Soccer Ball,3,218.49,Bank Transfer,North Jason,4.0,M,26,655.47,Adult
24639,2024-05-30,797,10,Electronics,Headphones,3,238.77,Credit Card,Garzaport,0.0,F,49,716.3100000000001,Adult
89114,2024-07-14,397,30,Home & Living,Painting,3,251.63,Credit Card,New Dylan,0.0,M,40,754.89,Adult
76799,2024-11-08,691,20,Fashion,Dress,3,137.89,Bank Transfer,Freemanport,5.0,M,39,413.66999999999996,Adult
13120,2024-04-07,893,30,Home & Living,Carpet,1,40.2,Cash on Delivery,New David,5.0,M,59,40.2,Senior
98997,2024-10-22,703,50,Sports & Outdoors,Yoga Mat,3,407.83,Cash on Delivery,Port Joseph,2.0,M,59,1223.49,Senior
82793,2025-01-01,261,30,Home & Living,Blanket,4,321.18,Cash on Delivery,Ravenland,2.0,F,49,1284.72,Adult
13011,2024-07-29,231,20,Fashion,Skirt,2,276.11,Bank Transfer,Lunafort,0.0,M,69,552.22,Senior
85771,2024-12-18,299,10,Electronics,Smartwatch,2,336.34,Credit Card,Brownport,4.0,F,56,672.68,Senior
96195,2024-09-25,975,30,Home & Living,Carpet,4,196.7,Cash on Delivery,Port Matthew,5.0,M,27,786.8,Adult
53191,2024-11-21,852,30,Home & Living,Pillow,4,204.56,Cash on Delivery,Jenniferberg,0.0,M,30,818.24,Adult
23601,2024-08-12,468,40,Books & Stationery,Notebook,3,408.46,Cash on Delivery,East William,5.0,Unknown,57,1225.3799999999999,Senior
66073,2025-01-30,983,30,Home & Living,Blanket,2,469.33,Cash on Delivery,Andersonview,5.0,M,40,938.66,Adult
19293,2024-06-20,633,20,Fashion,Shirt,1,118.31,Bank Transfer,Clayfort,2.0,F,33,118.31,Adult
24487,2024-07-01,468,40,Books & Stationery,Story Book,1,372.43,Bank Transfer,Brooksfort,3.0,M,38,372.43,Adult
48813,2025-03-14,395,10,Electronics,Headphones,1,191.02,Credit Card,West James,5.0,F,75,191.02,Senior
45699,2025-02-03,200,20,Fashion,Pants,3,17.95,Cash on Delivery,Lake Victoriafort,5.0,F,26,53.849999999999994,Adult
27584,2025-01-10,366,40,Books & Stationery,Eraser,1,79.8,Credit Card,Port Diana,1.0,F,51,79.8,Senior
11479,2025-01-28,331,20,Fashion,Shirt,2,452.6,Cash on Delivery,Jamesview,5.0,F,48,905.2,Adult
35088,2024-08-14,157,30,Home & Living,Vase,5,305.28,Bank Transfer,Port Michelle,0.0,M,50,1526.3999999999999,Senior
61065,2024-04-20,988,10,Electronics,Laptop,1,465.66,Cash on Delivery,West Rebekahland,1.0,M,25,465.66,Adult
48904,2025-02-07,931,10,Electronics,Tablet,3,439.51,Bank Transfer,Raymondland,5.0,F,63,1318.53,Senior
82746,2024-11-18,101,50,Sports & Outdoors,Soccer Ball,3,263.16,Bank Transfer,Brandonbury,5.0,M,35,789.48,Adult
76569,2025-01-12,447,30,Home & Living,Painting,1,428.62,Bank Transfer,New Christopherside,4.0,F,56,428.62,Senior
76076,2024-12-20,184,10,Electronics,Laptop,4,457.54,Bank Transfer,Suttonfort,4.0,F,29,1830.16,Adult
61650,2024-12-19,804,10,Electronics,Smartphone,2,197.96,Credit Card,Bradleyville,4.0,M,29,395.92,Adult
82700,2024-05-30,410,50,Sports & Outdoors,Basketball,5,37.87,Cash on Delivery,New Carolfort,0.0,M,55,189.35,Senior
56464,2024-09-23,361,20,Fashion,Dress,1,483.14,Bank Transfer,Jonathanport,5.0,M,44,483.14,Adult
54459,2024-05-22,676,30,Home & Living,Painting,5,355.4,Cash on Delivery,Michellebury,5.0,M,35,1777.0,Adult
51679,2024-03-29,861,40,Books & Stationery,Pen,4,101.29,Cash on Delivery,Williamsfort,5.0,Unknown,32,405.16,Adult
59338,2025-01-03,937,30,Home & Living,Painting,4,478.94,Credit Card,Josephton,1.0,M,48,1915.76,Adult
58848,2024-08-08,876,30,Home & Living,Blanket,2,97.08,Credit Card,North Jennifer,5.0,Unknown,36,194.16,Adult
90154,2024-07-27,762,50,Sports & Outdoors,Soccer Ball,1,388.35,Bank Transfer,New Amy,4.0,F,19,388.35,Young
94141,2024-09-01,701,20,Fashion,Skirt,4,270.32,Bank Transfer,North Jeannemouth,5.0,M,48,1081.28,Adult
65011,2025-02-20,938,30,Home & Living,Carpet,4,383.36,Cash on Delivery,East Christopher,5.0,F,42,1533.44,Adult
26160,2025-03-04,374,20,Fashion,Skirt,2,452.2,Credit Card,North Terrancehaven,3.0,Unknown,25,904.4,Adult
67837,2025-02-02,671,40,Books & Stationery,Notebook,1,281.72,Credit Card,West Amyhaven,5.0,F,39,281.72,Adult
79928,2024-12-16,246,20,Fashion,Dress,3,30.61,Cash on Delivery,East Chris,0.0,Unknown,50,91.83,Senior
75854,2024-10-08,783,50,Sports & Outdoors,Running Shoes,3,454.2,Cash on Delivery,Timothychester,3.0,M,19,1362.6,Young
91430,2024-11-08,417,40,Books & Stationery,Pen,5,327.93,Credit Card,Tinaport,0.0,F,36,1639.65,Adult
69327,2024-08-28,183,50,Sports & Outdoors,Yoga Mat,3,105.43,Cash on Delivery,Port Joseton,4.0,F,72,316.29,Senior
69719,2024-12-24,941,10,Electronics,Smartphone,2,344.04,Cash on Delivery,North Whitneytown,5.0,F,29,688.08,Adult
26652,2024-09-24,952,10,Electronics,Tablet,2,480.79,Cash on Delivery,Danielstad,5.0,F,48,961.58,Adult
32058,2024-05-27,843,10,Electronics,Tablet,3,57.32,Cash on Delivery,East Christopherfurt,3.0,M,28,171.96,Adult
13595,2024-08-02,311,40,Books & Stationery,Notebook,1,496.5,Bank Transfer,East Andrew,4.0,Unknown,25,496.5,Adult
16119,2024-12-03,628,20,Fashion,Pants,1,71.83,Bank Transfer,Williamsside,0.0,F,28,71.83,Adult
29007,2024-09-11,951,50,Sports & Outdoors,Soccer Ball,4,334.37,Cash on Delivery,Morrisburgh,5.0,M,24,1337.48,Young
13431,2025-01-03,591,20,Fashion,T-shirt,3,206.38,Bank Transfer,Port Jason,2.0,M,63,619.14,Senior
52849,2024-03-20,829,20,Fashion,T-shirt,3,99.38,Bank Transfer,Katherineview,0.0,F,19,298.14,Young
97433,2024-07-26,677,10,Electronics,Smartphone,4,418.88,Credit Card,North Lisafort,5.0,Unknown,59,1675.52,Senior
76854,2024-09-14,845,30,Home & Living,Pillow,2,148.59,Bank Transfer,Andrewmouth,5.0,F,64,297.18,Senior
99042,2024-05-26,343,20,Fashion,Pants,2,212.25,Cash on Delivery,Jamesfort,5.0,F,69,424.5,Senior
54453,2025-01-28,246,30,Home & Living,Carpet,2,117.78,Credit Card,West Samuelhaven,4.0,F,19,235.56,Young
30037,2024-08-05,314,20,Fashion,Dress,5,337.8,Credit Card,Lake Sarah,4.0,F,28,1689.0,Adult
99423,2024-08-30,675,30,Home & Living,Painting,5,175.5,Cash on Delivery,Adrianmouth,0.0,F,73,877.5,Senior
25761,2024-05-11,657,40,Books & Stationery,Notebook,4,449.55,Credit Card,Port Andre,3.0,F,29,1798.2,Adult
62120,2025-03-05,501,50,Sports & Outdoors,Basketball,3,456.38,Bank Transfer,East Bryanport,3.0,F,50,1369.1399999999999,Senior
88218,2025-02-04,299,20,Fashion,Skirt,3,225.1,Credit Card,Martinezshire,5.0,Unknown,40,675.3,Adult
87200,2025-02-11,937,10,Electronics,Laptop,1,391.58,Cash on Delivery,Jefferyborough,4.0,M,68,391.58,Senior
54901,2024-06-04,491,40,Books & Stationery,Eraser,3,376.28,Cash on Delivery,Stacieberg,5.0,F,23,1128.84,Young
23672,2024-10-30,158,20,Fashion,Shirt,2,91.76,Bank Transfer,Aprilshire,0.0,M,49,183.52,Adult
87513,2024-05-04,782,50,Sports & Outdoors,Soccer Ball,2,285.98,Cash on Delivery,Taylorview,5.0,M,44,571.96,Adult
59486,2024-11-29,327,30,Home & Living,Vase,5,475.62,Bank Transfer,Brownbury,4.0,F,61,2378.1,Senior
62189,2025-02-21,650,10,Electronics,Smartphone,3,87.23,Cash on Delivery,Smithfort,3.0,F,54,261.69,Senior
25536,2024-08-07,482,10,Electronics,Tablet,3,344.77,Credit Card,Lake John,3.0,Unknown,43,1034.31,Adult
92087,2024-03-26,888,10,Electronics,Laptop,4,26.2,Credit Card,South Michael,5.0,F,21,104.8,Young
17263,2024-06-10,542,10,Electronics,Smartwatch,5,375.27,Bank Transfer,West Charlestown,0.0,M,47,1876.35,Adult
38807,2024-10-11,756,30,Home & Living,Blanket,4,90.79,Bank Transfer,Curryhaven,0.0,M,63,363.16,Senior
31600,2025-02-19,775,50,Sports & Outdoors,Basketball,2,367.94,Credit Card,Lake Maryborough,0.0,F,32,735.88,Adult
99887,2024-09-24,237,50,Sports & Outdoors,Running Shoes,1,101.82,Credit Card,North Wendyberg,5.0,F,50,101.82,Senior
77884,2024-12-05,620,20,Fashion,T-shirt,3,145.36,Bank Transfer,Shortmouth,3.0,F,41,436.08000000000004,Adult
90560,2024-05-26,739,30,Home & Living,Blanket,2,68.53,Cash on Delivery,Lake Gabriella,0.0,M,69,137.06,Senior
94899,2024-03-19,853,30,Home & Living,Vase,5,309.64,Cash on Delivery,East Maryland,4.0,F,47,1548.1999999999998,Adult
21004,2024-04-17,843,30,Home & Living,Pillow,5,171.55,Cash on Delivery,Lake Catherine,5.0,M,30,857.75,Adult
83914,2024-07-12,738,40,Books & Stationery,Eraser,2,59.51,Bank Transfer,Holtbury,3.0,Unknown,25,119.02,Adult
50575,2024-09-24,107,50,Sports & Outdoors,Basketball,4,225.83,Credit Card,Lake Sharonmouth,0.0,M,29,903.32,Adult
46034,2024-04-26,995,40,Books & Stationery,Notebook,5,115.91,Bank Transfer,Ronaldborough,0.0,M,54,579.55,Senior
55865,2024-03-26,915,40,Books & Stationery,Pen,1,341.89,Credit Card,New Felicia,5.0,M,64,341.89,Senior
42128,2024-11-13,563,30,Home & Living,Pillow,2,292.9,Cash on Delivery,North Rebeccashire,0.0,M,46,585.8,Adult
34224,2025-01-27,347,10,Electronics,Headphones,5,410.38,Bank Transfer,Lynnland,5.0,F,35,2051.9,Adult
18511,2024-04-07,877,30,Home & Living,Vase,4,96.94,Cash on Delivery,West Alicia,0.0,Unknown,56,387.76,Senior
49331,2024-05-21,526,30,Home & Living,Pillow,5,122.23,Credit Card,Allisonland,5.0,M,32,611.15,Adult
36732,2025-01-12,704,40,Books & Stationery,Eraser,3,90.91,Cash on Delivery,North Carrie,5.0,M,42,272.73,Adult
16669,2024-05-25,360,40,Books & Stationery,Eraser,3,238.74,Bank Transfer,Nancytown,4.0,M,34,716.22,Adult
61935,2024-04-14,484,30,Home & Living,Vase,3,393.51,Bank Transfer,Johnnyton,2.0,M,68,1180.53,Senior
79723,2024-07-16,568,10,Electronics,Smartwatch,1,393.9,Bank Transfer,Popeview,5.0,M,44,393.9,Adult
93547,2024-06-29,663,40,Books & Stationery,Notebook,3,100.15,Bank Transfer,South Christopherburgh,4.0,M,65,300.45000000000005,Senior
12572,2025-01-22,656,20,Fashion,T-shirt,4,226.45,Bank Transfer,North Zacharytown,5.0,M,46,905.8,Adult
53474,2024-09-26,892,40,Books & Stationery,Eraser,5,280.15,Bank Transfer,Johnburgh,0.0,F,44,1400.75,Adult
13356,2024-12-27,232,50,Sports & Outdoors,Basketball,5,408.95,Cash on Delivery,East Joseph,2.0,M,38,2044.75,Adult
45435,2024-07-06,349,40,Books & Stationery,Story Book,3,421.85,Credit Card,Port Hectorbury,5.0,F,25,1265.5500000000002,Adult
46587,2024-06-26,715,50,Sports & Outdoors,Running Shoes,3,405.02,Credit Card,South Jimmyland,0.0,M,52,1215.06,Senior
92246,2025-02-11,988,20,Fashion,Dress,3,345.18,Credit Card,Lewisburgh,5.0,F,21,1035.54,Young
82945,2024-05-23,952,40,Books & Stationery,Pen,2,203.61,Cash on Delivery,Francofort,0.0,M,39,407.22,Adult
37275,2024-07-22,765,10,Electronics,Smartphone,1,447.13,Cash on Delivery,East Robert,5.0,F,57,447.13,Senior
88937,2025-01-04,504,30,Home & Living,Vase,2,240.14,Bank Transfer,East Veronicaville,5.0,M,34,480.28,Adult
54318,2024-06-29,142,10,Electronics,Headphones,2,491.97,Cash on Delivery,East Blakeborough,4.0,M,18,983.94,Young
11108,2024-06-26,575,40,Books & Stationery,Eraser,2,27.59,Credit Card,South Jeffrey,1.0,F,58,55.18,Senior
82817,2025-03-13,486,50,Sports & Outdoors,Yoga Mat,4,431.91,Cash on Delivery,South Michael,5.0,M,29,1727.64,Adult
79954,2024-07-25,295,20,Fashion,T-shirt,5,115.58,Bank Transfer,West Carlosberg,4.0,F,31,577.9,Adult
20814,2024-12-18,914,10,Electronics,Smartphone,4,291.29,Bank Transfer,South Melodystad,4.0,M,65,1165.16,Senior
13725,2024-06-16,564,10,Electronics,Smartphone,4,285.72,Credit Card,Hughesmouth,5.0,F,26,1142.88,Adult
34358,2025-01-16,945,20,Fashion,Shirt,1,27.65,Bank Transfer,Gonzalezshire,4.0,M,50,27.65,Senior
70446,2024-05-02,918,50,Sports & Outdoors,Running Shoes,5,237.79,Cash on Delivery,Amyhaven,4.0,M,56,1188.95,Senior
84629,2024-12-24,246,30,Home & Living,Pillow,4,320.72,Bank Transfer,Fritzchester,4.0,M,75,1282.88,Senior
45719,2024-08-25,329,40,Books & Stationery,Eraser,3,348.31,Credit Card,Townsendville,3.0,M,26,1044.93,Adult
85934,2024-03-23,141,10,Electronics,Smartphone,2,200.17,Bank Transfer,Edwardview,4.0,F,60,400.34,Senior
22739,2024-07-15,196,30,Home & Living,Carpet,5,217.55,Bank Transfer,South Matthewburgh,5.0,Unknown,24,1087.75,Young
64425,2024-12-19,780,50,Sports & Outdoors,Soccer Ball,5,203.93,Bank Transfer,New Ronniebury,5.0,M,22,1019.6500000000001,Young
22228,2025-02-08,789,20,Fashion,Skirt,1,54.94,Credit Card,Barryton,5.0,F,62,54.94,Senior
79864,2024-04-07,825,20,Fashion,T-shirt,5,125.64,Cash on Delivery,Jennifermouth,3.0,M,36,628.2,Adult
56073,2024-05-02,440,50,Sports & Outdoors,Tent,4,121.5,Credit Card,Lake Jennifer,4.0,M,57,486.0,Senior
96862,2024-09-28,146,40,Books & Stationery,Notebook,5,457.21,Cash on Delivery,Barberside,3.0,M,29,2286.0499999999997,Adult
28381,2024-04-26,973,30,Home & Living,Pillow,1,324.51,Bank Transfer,Loribury,0.0,F,35,324.51,Adult
29989,2024-12-03,829,10,Electronics,Smartphone,4,196.16,Bank Transfer,East Tonyaberg,5.0,F,21,784.64,Young
10486,2024-09-13,297,20,Fashion,Shirt,2,274.1,Cash on Delivery,Port Allisonfort,4.0,F,54,548.2,Senior
50813,2025-01-29,481,50,Sports & Outdoors,Basketball,4,173.35,Cash on Delivery,East Hannah,5.0,Unknown,70,693.4,Senior
10201,2024-10-14,455,10,Electronics,Smartphone,4,156.21,Cash on Delivery,Leeborough,0.0,Unknown,23,624.84,Young
99015,2024-10-26,420,10,Electronics,Smartphone,5,269.41,Bank Transfer,Lake Paulastad,4.0,M,66,1347.0500000000002,Senior
27736,2024-11-08,106,20,Fashion,Skirt,1,497.89,Credit Card,South Jonathan,5.0,F,58,497.89,Senior
99133,2025-01-05,928,50,Sports & Outdoors,Tent,1,63.44,Cash on Delivery,Brianfort,1.0,F,26,63.44,Adult
37762,2025-03-07,442,10,Electronics,Tablet,1,94.6,Cash on Delivery,New Steven,4.0,M,32,94.6,Adult
89887,2024-05-13,576,30,Home & Living,Blanket,3,197.53,Credit Card,West Stevenburgh,5.0,F,32,592.59,Adult
30090,2024-03-26,493,30,Home & Living,Blanket,3,29.52,Credit Card,Joshuamouth,5.0,M,20,88.56,Young
61642,2024-11-24,264,50,Sports & Outdoors,Tent,1,241.61,Bank Transfer,Fryeberg,5.0,M,19,241.61,Young
46001,2024-10-14,661,50,Sports & Outdoors,Running Shoes,1,297.8,Cash on Delivery,Hayesshire,0.0,M,40,297.8,Adult
79470,2025-03-12,247,40,Books & Stationery,Novel,2,190.5,Cash on Delivery,Paulborough,0.0,M,41,381.0,Adult
53754,2024-07-11,190,50,Sports & Outdoors,Tent,1,92.5,Cash on Delivery,East Ericview,2.0,F,73,92.5,Senior
53575,2024-05-04,622,40,Books & Stationery,Novel,3,75.02,Credit Card,Brownbury,4.0,M,33,225.06,Adult
91997,2024-03-21,118,30,Home & Living,Vase,4,445.11,Credit Card,South Wanda,3.0,Unknown,47,1780.44,Adult
13042,2024-05-15,464,20,Fashion,Skirt,5,254.8,Cash on Delivery,Martinside,4.0,F,54,1274.0,Senior
73282,2024-07-23,883,50,Sports & Outdoors,Yoga Mat,1,423.98,Bank Transfer,Lake Alexandriachester,5.0,M,24,423.98,Young
53004,2024-09-19,309,30,Home & Living,Carpet,5,249.38,Credit Card,New Brittanytown,0.0,M,20,1246.9,Young
51729,2025-01-24,713,50,Sports & Outdoors,Tent,3,318.44,Cash on Delivery,Port Darrylstad,5.0,F,23,955.3199999999999,Young
75395,2025-03-19,175,40,Books & Stationery,Novel,2,300.16,Bank Transfer,Jesseburgh,3.0,M,64,600.32,Senior
84978,2024-09-05,292,40,Books & Stationery,Notebook,1,458.02,Bank Transfer,Payneside,3.0,M,64,458.02,Senior
90329,2024-08-17,114,30,Home & Living,Blanket,4,379.26,Credit Card,East Amandaside,3.0,F,49,1517.04,Adult
16539,2024-04-10,334,50,Sports & Outdoors,Soccer Ball,3,474.32,Credit Card,Kathleenton,5.0,M,21,1422.96,Young
14361,2024-12-12,178,50,Sports & Outdoors,Running Shoes,4,233.12,Bank Transfer,Robertbury,5.0,Unknown,23,932.48,Young
10848,2024-05-26,281,10,Electronics,Headphones,5,120.02,Bank Transfer,Vickimouth,5.0,F,67,600.1,Senior
17439,2024-08-12,520,10,Electronics,Laptop,4,462.82,Bank Transfer,Marieborough,5.0,M,55,1851.28,Senior
94316,2024-06-14,979,30,Home & Living,Vase,1,146.35,Bank Transfer,Garzachester,2.0,M,18,146.35,Young
80018,2024-11-06,257,30,Home & Living,Carpet,4,265.26,Bank Transfer,Susanchester,4.0,M,65,1061.04,Senior
77150,2024-10-10,371,30,Home & Living,Blanket,4,476.07,Bank Transfer,Anthonyside,5.0,F,69,1904.28,Senior
34740,2024-07-04,111,50,Sports & Outdoors,Running Shoes,3,163.74,Credit Card,Port Jackview,4.0,F,44,491.22,Adult
96162,2024-09-12,887,50,Sports & Outdoors,Yoga Mat,5,292.96,Cash on Delivery,South Jeffreystad,5.0,M,34,1464.8,Adult
40338,2024-12-31,310,40,Books & Stationery,Pen,5,79.66,Cash on Delivery,South Matthew,2.0,M,36,398.29999999999995,Adult
65102,2024-09-10,294,20,Fashion,Pants,1,107.09,Bank Transfer,Port Ryanville,3.0,F,52,107.09,Senior
74288,2024-08-04,173,50,Sports & Outdoors,Tent,2,308.43,Bank Transfer,Lake Williamfort,5.0,F,25,616.86,Adult
25747,2025-03-18,874,30,Home & Living,Painting,4,60.76,Cash on Delivery,Amandaborough,1.0,F,64,243.04,Senior
91976,2025-01-19,321,10,Electronics,Headphones,2,143.88,Bank Transfer,Fernandezside,4.0,M,74,287.76,Senior
97829,2024-10-09,640,30,Home & Living,Pillow,5,143.03,Credit Card,Lake Alison,4.0,M,38,715.15,Adult
81439,2024-11-17,792,40,Books & Stationery,Novel,2,320.48,Credit Card,Woodsport,4.0,F,21,640.96,Young
61358,2025-02-26,439,20,Fashion,T-shirt,5,476.53,Bank Transfer,Port Paul,4.0,F,51,2382.6499999999996,Senior
52647,2024-12-16,806,50,Sports & Outdoors,Tent,4,433.77,Cash on Delivery,Port Timothy,5.0,M,43,1735.08,Adult
55438,2024-06-09,716,10,Electronics,Laptop,3,82.65,Cash on Delivery,Port Jenniferchester,3.0,M,51,247.95000000000002,Senior
25852,2025-02-04,544,20,Fashion,T-shirt,3,79.96,Cash on Delivery,Jamesside,5.0,M,21,239.88,Young
69990,2024-04-22,839,20,Fashion,Shirt,2,265.34,Cash on Delivery,Ericfurt,3.0,M,49,530.68,Adult
89883,2024-05-25,182,20,Fashion,Pants,5,116.03,Bank Transfer,East Justin,2.0,F,66,580.15,Senior
78768,2024-08-03,880,10,Electronics,Smartphone,1,152.2,Bank Transfer,Cantumouth,5.0,M,49,152.2,Adult
11101,2024-09-27,750,50,Sports & Outdoors,Soccer Ball,5,96.94,Cash on Delivery,South Katiefurt,4.0,F,22,484.7,Young
44902,2024-07-12,801,40,Books & Stationery,Story Book,4,474.25,Credit Card,West Reginald,5.0,F,34,1897.0,Adult
36231,2024-05-18,606,30,Home & Living,Blanket,5,143.14,Bank Transfer,Port Richardfurt,5.0,M,72,715.6999999999999,Senior
37821,2024-07-12,855,50,Sports & Outdoors,Yoga Mat,2,341.18,Cash on Delivery,Port Robertchester,5.0,F,37,682.36,Adult
92393,2025-03-12,344,50,Sports & Outdoors,Yoga Mat,5,372.39,Credit Card,South Christineberg,4.0,F,63,1861.9499999999998,Senior
97308,2024-05-21,712,40,Books & Stationery,Notebook,2,18.28,Cash on Delivery,New Melissa,0.0,M,64,36.56,Senior
41333,2024-05-04,459,10,Electronics,Laptop,3,398.31,Cash on Delivery,Reidville,4.0,M,43,1194.93,Adult
19925,2025-01-29,747,20,Fashion,T-shirt,3,364.55,Bank Transfer,North Danielmouth,0.0,F,51,1093.65,Senior
27730,2025-03-19,385,30,Home & Living,Blanket,1,366.27,Bank Transfer,Tiffanystad,5.0,M,44,366.27,Adult
29895,2024-04-17,150,40,Books & Stationery,Eraser,3,211.29,Bank Transfer,Ramirezmouth,5.0,M,47,633.87,Adult
46059,2025-01-27,266,20,Fashion,Dress,4,474.27,Cash on Delivery,Lake Tracy,5.0,F,40,1897.08,Adult
24078,2024-11-29,344,20,Fashion,Shirt,5,364.91,Cash on Delivery,West Jesusville,1.0,M,71,1824.5500000000002,Senior
94503,2024-09-24,874,30,Home & Living,Carpet,2,62.01,Cash on Delivery,East Moniquefort,3.0,M,68,124.02,Senior
29312,2024-08-12,481,30,Home & Living,Pillow,4,354.83,Cash on Delivery,South Antonioton,5.0,M,64,1419.32,Senior
66977,2025-03-18,568,20,Fashion,Dress,1,354.32,Bank Transfer,Henryborough,5.0,M,67,354.32,Senior
48604,2024-03-30,899,30,Home & Living,Pillow,5,230.49,Cash on Delivery,Port Sandra,4.0,M,36,1152.45,Adult
81394,2024-12-17,110,50,Sports & Outdoors,Tent,3,68.22,Credit Card,Cameronstad,3.0,F,52,204.66,Senior
40849,2025-01-03,554,10,Electronics,Tablet,4,59.93,Credit Card,North Julie,0.0,M,23,239.72,Young
37624,2025-03-08,681,20,Fashion,Skirt,1,461.0,Credit Card,Dennisburgh,5.0,M,20,461.0,Young
11655,2025-03-05,961,10,Electronics,Laptop,4,365.54,Bank Transfer,Navarrostad,5.0,M,61,1462.16,Senior
53977,2024-12-17,125,50,Sports & Outdoors,Basketball,1,117.37,Credit Card,South Taylorchester,4.0,F,43,117.37,Adult
35219,2025-01-03,739,40,Books & Stationery,Notebook,4,410.06,Cash on Delivery,East Lucas,1.0,M,21,1640.24,Young
39427,2024-06-13,292,20,Fashion,T-shirt,3,498.44,Bank Transfer,Connerstad,3.0,M,60,1495.32,Senior
38808,2024-04-21,928,20,Fashion,T-shirt,2,313.67,Bank Transfer,South Coltonport,5.0,M,73,627.34,Senior
28844,2024-04-30,580,40,Books & Stationery,Pen,2,378.89,Cash on Delivery,Jasonfort,4.0,M,51,757.78,Senior
77523,2025-01-28,543,30,Home & Living,Carpet,5,355.65,Bank Transfer,Danielfurt,5.0,Unknown,21,1778.25,Young
28608,2024-04-08,436,10,Electronics,Smartwatch,1,478.75,Cash on Delivery,Annaborough,3.0,M,51,478.75,Senior
52213,2025-02-21,648,30,Home & Living,Blanket,1,202.55,Cash on Delivery,Lake Joseph,5.0,M,57,202.55,Senior
32037,2024-11-07,897,10,Electronics,Tablet,5,25.55,Bank Transfer,South Holly,0.0,M,42,127.75,Adult
49509,2024-08-18,508,10,Electronics,Headphones,1,194.81,Cash on Delivery,Phelpsstad,5.0,F,58,194.81,Senior
14284,2024-06-05,865,20,Fashion,Pants,1,323.83,Bank Transfer,North Bradleymouth,3.0,F,63,323.83,Senior
77848,2024-07-14,713,20,Fashion,Skirt,4,88.02,Cash on Delivery,Simmonsview,5.0,F,39,352.08,Adult
96700,2024-03-27,598,30,Home & Living,Painting,4,474.04,Cash on Delivery,South Anthony,5.0,F,64,1896.16,Senior
31245,2024-07-25,209,20,Fashion,Shirt,1,96.75,Cash on Delivery,New Raymond,4.0,F,39,96.75,Adult
20351,2024-05-30,627,40,Books & Stationery,Notebook,5,362.11,Credit Card,North Dana,5.0,F,62,1810.5500000000002,Senior
11455,2024-04-14,374,50,Sports & Outdoors,Yoga Mat,2,101.7,Bank Transfer,Wrightfort,1.0,F,48,203.4,Adult
30282,2025-02-19,411,10,Electronics,Laptop,3,91.79,Credit Card,Webbton,0.0,Unknown,68,275.37,Senior
62824,2024-12-25,629,30,Home & Living,Blanket,5,321.94,Cash on Delivery,Port Jo,2.0,F,63,1609.7,Senior
62764,2024-11-03,901,40,Books & Stationery,Story Book,4,36.71,Credit Card,Paulabury,4.0,M,23,146.84,Young
79880,2024-06-01,664,30,Home & Living,Pillow,5,308.42,Cash on Delivery,Scottburgh,3.0,Unknown,20,1542.1000000000001,Young
32978,2024-11-11,667,30,Home & Living,Vase,4,478.17,Cash on Delivery,South Elizabeth,4.0,F,25,1912.68,Adult
92232,2024-03-28,961,40,Books & Stationery,Story Book,4,410.28,Cash on Delivery,Adamsfort,0.0,M,33,1641.12,Adult
92276,2024-07-11,555,50,Sports & Outdoors,Tent,4,311.86,Bank Transfer,West Jesus,0.0,M,63,1247.44,Senior
77934,2025-01-16,695,20,Fashion,Skirt,1,66.24,Credit Card,Holmesland,5.0,Unknown,27,66.24,Adult
23807,2024-12-02,547,40,Books & Stationery,Notebook,5,397.63,Credit Card,Jackshire,2.0,M,53,1988.15,Senior
99233,2024-09-08,842,20,Fashion,Shirt,1,273.56,Cash on Delivery,West Teresa,0.0,M,43,273.56,Adult
27123,2024-12-27,144,20,Fashion,Dress,3,162.7,Bank Transfer,Saunderston,5.0,F,18,488.09999999999997,Young
31253,2024-12-11,226,40,Books & Stationery,Story Book,3,428.95,Cash on Delivery,New Coleside,0.0,M,43,1286.85,Adult
79189,2024-08-30,639,40,Books & Stationery,Notebook,1,399.18,Credit Card,Davidton,5.0,M,66,399.18,Senior
63872,2024-05-10,202,20,Fashion,Skirt,4,176.72,Credit Card,Jenkinshaven,1.0,F,33,706.88,Adult
66492,2025-02-21,112,10,Electronics,Smartwatch,4,375.13,Bank Transfer,Port Thomas,5.0,M,30,1500.52,Adult
50142,2024-10-18,347,20,Fashion,Dress,2,150.51,Cash on Delivery,Port Kellyport,0.0,Unknown,18,301.02,Young
37330,2024-03-27,881,50,Sports & Outdoors,Yoga Mat,5,219.26,Bank Transfer,West Molly,2.0,F,49,1096.3,Adult
27140,2024-08-17,260,20,Fashion,Pants,1,408.63,Credit Card,New Seth,4.0,F,21,408.63,Young
49782,2024-10-27,911,10,Electronics,Smartphone,3,427.48,Cash on Delivery,Lake Brianbury,5.0,M,63,1282.44,Senior
98151,2024-05-14,707,50,Sports & Outdoors,Yoga Mat,2,75.6,Cash on Delivery,West Robertmouth,4.0,M,45,151.2,Adult
20853,2024-07-10,499,30,Home & Living,Carpet,3,227.39,Credit Card,West Alexfort,0.0,Unknown,39,682.17,Adult
48690,2024-04-11,161,20,Fashion,Shirt,3,139.95,Bank Transfer,West Geraldhaven,5.0,F,18,419.84999999999997,Young
82168,2025-01-23,653,40,Books & Stationery,Eraser,2,473.57,Credit Card,West Matthewton,5.0,F,44,947.14,Adult
58032,2024-04-04,133,30,Home & Living,Carpet,4,14.97,Credit Card,Lake Sethfurt,0.0,F,22,59.88,Young
28298,2024-06-07,555,40,Books & Stationery,Novel,3,346.82,Bank Transfer,Port Denisemouth,5.0,F,18,1040.46,Young
63014,2025-03-12,323,20,Fashion,Dress,3,62.81,Bank Transfer,East David,0.0,F,39,188.43,Adult
31977,2024-04-01,490,50,Sports & Outdoors,Tent,5,371.84,Credit Card,North Marissa,5.0,Unknown,52,1859.1999999999998,Senior
18191,2024-12-11,355,20,Fashion,Pants,2,433.83,Bank Transfer,Port Jasmine,5.0,M,26,867.66,Adult
32168,2024-09-29,896,30,Home & Living,Painting,4,479.12,Credit Card,Lesliemouth,4.0,F,39,1916.48,Adult
48803,2024-09-27,285,30,Home & Living,Painting,1,481.21,Bank Transfer,New Kristen,5.0,M,31,481.21,Adult
56744,2024-08-17,798,50,Sports & Outdoors,Soccer Ball,5,301.66,Bank Transfer,Lake Lindafort,0.0,F,27,1508.3000000000002,Adult
32331,2025-01-23,241,30,Home & Living,Painting,2,487.93,Credit Card,Mitchellhaven,5.0,F,61,975.86,Senior
54917,2024-12-26,405,20,Fashion,Pants,4,157.24,Cash on Delivery,Christopherburgh,4.0,F,62,628.96,Senior
69632,2024-11-13,451,30,Home & Living,Painting,3,87.72,Cash on Delivery,Port James,0.0,Unknown,36,263.15999999999997,Adult
49017,2024-05-07,128,20,Fashion,Pants,1,255.32,Bank Transfer,Shawnburgh,4.0,F,70,255.32,Senior
73165,2024-12-29,237,40,Books & Stationery,Eraser,2,240.26,Credit Card,Mariaborough,1.0,F,48,480.52,Adult
79948,2024-08-14,858,40,Books & Stationery,Novel,2,164.11,Bank Transfer,South Caroline,0.0,F,66,328.22,Senior
25889,2024-09-24,507,20,Fashion,Skirt,4,255.89,Cash on Delivery,West Kristinehaven,5.0,F,51,1023.56,Senior
38806,2024-07-14,665,30,Home & Living,Painting,3,149.85,Credit Card,Lake Brentfurt,5.0,M,62,449.54999999999995,Senior
53270,2024-09-15,848,20,Fashion,Skirt,1,431.8,Cash on Delivery,South Jessica,4.0,F,65,431.8,Senior
25309,2024-08-24,977,40,Books & Stationery,Story Book,3,368.91,Cash on Delivery,East Anthony,5.0,M,52,1106.73,Senior
99243,2025-01-25,739,10,Electronics,Headphones,2,10.72,Cash on Delivery,North Diane,3.0,F,55,21.44,Senior
96041,2024-09-22,595,10,Electronics,Smartphone,2,177.49,Bank Transfer,Kirbyport,0.0,M,56,354.98,Senior
72238,2024-03-28,435,20,Fashion,T-shirt,2,74.46,Credit Card,Kevinland,5.0,F,74,148.92,Senior
55134,2024-12-04,837,50,Sports & Outdoors,Basketball,4,487.21,Bank Transfer,Marthabury,0.0,M,46,1948.84,Adult
61427,2024-09-17,410,10,Electronics,Laptop,4,221.54,Cash on Delivery,New Sean,3.0,M,71,886.16,Senior
55098,2025-02-04,684,50,Sports & Outdoors,Tent,5,23.0,Credit Card,West Sarah,5.0,F,64,115.0,Senior
49651,2024-04-08,937,40,Books & Stationery,Novel,4,267.72,Bank Transfer,West Elizabethbury,0.0,M,19,1070.88,Young
87787,2024-05-13,836,40,Books & Stationery,Notebook,2,233.85,Bank Transfer,East Daniel,0.0,M,67,467.7,Senior
38565,2024-10-28,884,10,Electronics,Tablet,5,455.43,Cash on Delivery,Nicoletown,5.0,M,50,2277.15,Senior
96065,2024-07-01,297,10,Electronics,Headphones,2,389.81,Bank Transfer,Hickmanside,4.0,F,62,779.62,Senior
97353,2025-02-20,626,40,Books & Stationery,Eraser,2,117.09,Bank Transfer,North Jacobland,0.0,F,31,234.18,Adult
76411,2024-11-18,576,40,Books & Stationery,Story Book,4,443.43,Bank Transfer,Port Tony,5.0,M,57,1773.72,Senior
86737,2025-01-16,352,20,Fashion,Shirt,1,424.55,Credit Card,Port Matthew,3.0,F,24,424.55,Young
43139,2024-07-06,669,10,Electronics,Smartphone,5,12.46,Cash on Delivery,Veronicaland,3.0,F,67,62.300000000000004,Senior
66861,2025-02-23,360,20,Fashion,T-shirt,3,146.67,Bank Transfer,Reynoldsborough,1.0,F,20,440.01,Young
82916,2024-08-24,180,30,Home & Living,Blanket,1,375.92,Bank Transfer,New Alicia,5.0,F,73,375.92,Senior
23747,2024-08-15,558,10,Electronics,Headphones,1,51.1,Credit Card,Tammymouth,2.0,Unknown,36,51.1,Adult
95641,2024-05-25,887,50,Sports & Outdoors,Soccer Ball,3,421.14,Credit Card,Kruegerton,5.0,F,74,1263.42,Senior
22599,2025-01-28,888,40,Books & Stationery,Eraser,4,36.27,Bank Transfer,Port Sarahfort,5.0,F,18,145.08,Young
54645,2024-07-30,190,50,Sports & Outdoors,Soccer Ball,4,354.69,Bank Transfer,Scottmouth,5.0,F,75,1418.76,Senior
72072,2025-02-09,349,20,Fashion,Skirt,3,475.67,Bank Transfer,East Annettemouth,5.0,F,51,1427.01,Senior
50842,2024-10-14,300,50,Sports & Outdoors,Running Shoes,3,266.5,Cash on Delivery,South Stephenport,4.0,Unknown,58,799.5,Senior
88309,2024-06-11,524,50,Sports & Outdoors,Running Shoes,1,394.31,Bank Transfer,Robertmouth,4.0,M,41,394.31,Adult
44020,2024-12-23,798,10,Electronics,Laptop,5,164.62,Cash on Delivery,New Michaeltown,4.0,F,62,823.1,Senior
72236,2024-07-05,959,10,Electronics,Smartphone,5,110.17,Credit Card,Lake Jessefort,5.0,F,47,550.85,Adult
27836,2024-06-09,302,10,Electronics,Headphones,4,110.67,Cash on Delivery,Brownshire,4.0,F,73,442.68,Senior
81959,2025-03-13,433,20,Fashion,Pants,2,369.7,Cash on Delivery,Martinbury,4.0,M,19,739.4,Young
65398,2024-11-18,505,50,Sports & Outdoors,Soccer Ball,4,222.1,Cash on Delivery,East Codyport,1.0,M,33,888.4,Adult
16285,2024-10-30,579,50,Sports & Outdoors,Soccer Ball,4,145.86,Credit Card,Savannahmouth,5.0,F,59,583.44,Senior
90540,2024-12-19,259,20,Fashion,Dress,4,438.66,Credit Card,Port Dawn,4.0,M,49,1754.64,Adult
51714,2024-07-12,479,40,Books & Stationery,Story Book,3,453.2,Cash on Delivery,Karenstad,5.0,M,27,1359.6,Adult
57116,2024-10-06,319,20,Fashion,Pants,5,11.73,Bank Transfer,Catherinestad,0.0,F,60,58.650000000000006,Senior
89789,2024-04-19,953,30,Home & Living,Painting,4,204.06,Cash on Delivery,Huffmanshire,5.0,M,71,816.24,Senior
86646,2024-09-20,279,20,Fashion,Pants,2,397.28,Credit Card,New Kelly,3.0,F,55,794.56,Senior
81512,2024-12-23,976,50,Sports & Outdoors,Soccer Ball,3,76.44,Bank Transfer,East Joshua,5.0,Unknown,49,229.32,Adult
60796,2024-06-01,535,50,Sports & Outdoors,Tent,2,241.33,Credit Card,Joshuastad,3.0,M,73,482.66,Senior
95322,2025-03-14,621,50,Sports & Outdoors,Running Shoes,2,34.61,Credit Card,Marcusville,5.0,M,43,69.22,Adult
60807,2025-01-07,798,20,Fashion,Skirt,1,280.12,Bank Transfer,East Andrea,0.0,F,39,280.12,Adult
30464,2024-07-01,563,20,Fashion,Skirt,2,483.96,Cash on Delivery,Derekside,3.0,F,25,967.92,Adult
51458,2025-01-27,400,40,Books & Stationery,Pen,1,389.49,Cash on Delivery,Mcintyreburgh,4.0,F,19,389.49,Young
51963,2024-08-04,471,40,Books & Stationery,Eraser,3,149.61,Cash on Delivery,Lake Rachaelside,5.0,M,61,448.83000000000004,Senior
90952,2024-09-05,360,50,Sports & Outdoors,Tent,2,55.78,Cash on Delivery,Rachelborough,0.0,Unknown,60,111.56,Senior
65235,2024-07-29,554,40,Books & Stationery,Eraser,1,299.39,Credit Card,Joshuafort,3.0,M,19,299.39,Young
33859,2025-01-26,712,20,Fashion,Pants,4,334.68,Credit Card,Laurietown,5.0,F,25,1338.72,Adult
76490,2024-12-17,362,30,Home & Living,Vase,5,307.04,Cash on Delivery,Roymouth,0.0,F,48,1535.2,Adult
68238,2025-03-17,261,50,Sports & Outdoors,Soccer Ball,3,332.25,Cash on Delivery,New Brandon,4.0,M,68,996.75,Senior
39126,2024-08-09,225,20,Fashion,Skirt,3,482.28,Cash on Delivery,Port Alexanderton,5.0,M,24,1446.84,Young
10211,2024-07-23,964,30,Home & Living,Pillow,2,32.51,Cash on Delivery,Lake Michael,5.0,F,25,65.02,Adult
62444,2024-10-14,222,10,Electronics,Headphones,3,352.35,Cash on Delivery,South Carriefurt,5.0,M,70,1057.0500000000002,Senior
20658,2024-11-06,177,40,Books & Stationery,Pen,3,196.97,Cash on Delivery,North Kelsey,1.0,M,34,590.91,Adult
47548,2025-01-31,381,30,Home & Living,Vase,2,226.48,Cash on Delivery,West Jacob,1.0,F,36,452.96,Adult
88424,2024-06-06,535,10,Electronics,Smartphone,2,190.68,Bank Transfer,West Timothy,0.0,F,44,381.36,Adult
39858,2024-08-29,339,20,Fashion,Skirt,5,442.3,Credit Card,West Jimmystad,5.0,M,19,2211.5,Young
35152,2025-03-01,106,20,Fashion,Dress,1,87.9,Bank Transfer,Christopherville,0.0,M,64,87.9,Senior
87052,2024-06-13,815,10,Electronics,Tablet,3,310.7,Bank Transfer,Webbburgh,5.0,M,67,932.0999999999999,Senior
77076,2024-05-27,973,10,Electronics,Headphones,3,83.17,Bank Transfer,Adamsbury,0.0,Unknown,71,249.51,Senior
24196,2025-01-06,229,10,Electronics,Smartphone,1,231.51,Credit Card,Timothyland,5.0,M,41,231.51,Adult
14029,2025-02-20,436,50,Sports & Outdoors,Yoga Mat,4,113.64,Credit Card,Lake Hayley,0.0,F,57,454.56,Senior
92429,2024-09-20,710,10,Electronics,Headphones,4,303.16,Cash on Delivery,Jonesville,4.0,M,50,1212.64,Senior
61595,2024-11-01,586,40,Books & Stationery,Notebook,2,395.01,Bank Transfer,West Masonton,5.0,F,32,790.02,Adult
68416,2024-12-15,311,20,Fashion,Skirt,5,22.15,Cash on Delivery,New Jeremy,5.0,F,44,110.75,Adult
17044,2024-03-28,502,50,Sports & Outdoors,Soccer Ball,1,306.5,Cash on Delivery,New Mindymouth,4.0,M,47,306.5,Adult
70317,2024-08-20,151,30,Home & Living,Painting,1,357.67,Cash on Delivery,Elliottfort,4.0,F,27,357.67,Adult
13425,2024-09-14,852,30,Home & Living,Vase,4,409.58,Cash on Delivery,Port Luke,5.0,M,46,1638.32,Adult
61272,2024-05-01,192,40,Books & Stationery,Pen,3,46.24,Cash on Delivery,North Kathryn,4.0,M,18,138.72,Young
45232,2024-05-28,140,30,Home & Living,Vase,2,139.43,Cash on Delivery,New Kyle,4.0,F,67,278.86,Senior
35014,2024-07-28,149,20,Fashion,Skirt,1,54.19,Bank Transfer,Jamesland,5.0,Unknown,33,54.19,Adult
84328,2025-02-06,122,10,Electronics,Smartwatch,1,420.63,Bank Transfer,Lake Kelly,3.0,M,54,420.63,Senior
75860,2024-07-02,370,50,Sports & Outdoors,Tent,3,51.53,Credit Card,Patriciaberg,3.0,M,63,154.59,Senior
47962,2024-06-13,396,10,Electronics,Headphones,3,23.45,Credit Card,Bryceland,0.0,F,22,70.35,Young
38645,2025-02-12,851,20,Fashion,Shirt,2,325.23,Bank Transfer,Raymondchester,5.0,M,27,650.46,Adult
79809,2024-06-07,706,10,Electronics,Tablet,5,272.75,Bank Transfer,North Jessicabury,0.0,M,57,1363.75,Senior
27389,2025-01-31,549,10,Electronics,Smartwatch,2,321.14,Cash on Delivery,Elizabethmouth,5.0,M,26,642.28,Adult
57158,2024-07-25,294,30,Home & Living,Pillow,4,11.74,Credit Card,Woodshaven,5.0,M,59,46.96,Senior
29786,2024-09-10,749,40,Books & Stationery,Notebook,3,334.67,Bank Transfer,South Brianstad,5.0,F,23,1004.01,Young
93806,2024-05-17,606,40,Books & Stationery,Notebook,4,336.75,Bank Transfer,Donaldhaven,5.0,F,37,1347.0,Adult
53269,2024-08-09,314,40,Books & Stationery,Pen,5,346.19,Bank Transfer,New Amyfurt,5.0,M,54,1730.95,Senior
79582,2025-01-17,388,40,Books & Stationery,Pen,1,78.2,Bank Transfer,Hughesfort,1.0,F,66,78.2,Senior
44994,2024-12-14,879,10,Electronics,Tablet,5,269.42,Cash on Delivery,Lake April,5.0,Unknown,42,1347.1000000000001,Adult
14520,2024-12-22,222,30,Home & Living,Blanket,3,372.61,Credit Card,Brookshaven,1.0,F,69,1117.83,Senior
48725,2024-06-02,471,10,Electronics,Smartwatch,2,411.33,Credit Card,West Amanda,4.0,F,64,822.66,Senior
92572,2024-06-29,634,40,Books & Stationery,Eraser,4,286.55,Credit Card,East David,0.0,M,60,1146.2,Senior
14487,2024-11-01,923,10,Electronics,Laptop,5,60.82,Cash on Delivery,South Melinda,4.0,F,56,304.1,Senior
56589,2024-12-27,969,20,Fashion,Shirt,1,275.82,Cash on Delivery,Priceburgh,3.0,M,18,275.82,Young
62030,2024-05-28,375,10,Electronics,Smartphone,2,45.89,Credit Card,West Patriciachester,5.0,F,64,91.78,Senior
86727,2025-03-10,102,50,Sports & Outdoors,Soccer Ball,4,380.42,Cash on Delivery,Patriciafort,0.0,F,46,1521.68,Adult
55131,2024-11-08,866,40,Books & Stationery,Story Book,2,148.31,Bank Transfer,South Douglasland,5.0,M,67,296.62,Senior
54306,2024-09-26,409,50,Sports & Outdoors,Running Shoes,1,333.66,Cash on Delivery,Jacobfort,0.0,M,39,333.66,Adult
82894,2024-12-15,585,20,Fashion,Shirt,1,499.23,Bank Transfer,Johnstad,5.0,Unknown,58,499.23,Senior
19405,2024-06-29,433,10,Electronics,Headphones,4,48.94,Bank Transfer,Curtisshire,0.0,F,23,195.76,Young
80441,2024-07-26,867,30,Home & Living,Carpet,2,308.4,Credit Card,Port Danielleview,3.0,M,52,616.8,Senior
76140,2024-06-29,673,50,Sports & Outdoors,Basketball,2,293.67,Credit Card,New Terri,5.0,M,65,587.34,Senior
61717,2024-08-31,705,10,Electronics,Smartwatch,2,393.49,Bank Transfer,East Alyssa,4.0,F,57,786.98,Senior
17341,2024-08-10,291,20,Fashion,Shirt,5,98.76,Credit Card,Port Timothyshire,4.0,F,20,493.8,Young
81133,2024-11-16,682,40,Books & Stationery,Novel,1,240.56,Cash on Delivery,East Kristin,4.0,Unknown,33,240.56,Adult
51171,2024-09-08,608,50,Sports & Outdoors,Yoga Mat,1,439.96,Bank Transfer,South Tonya,5.0,F,19,439.96,Young
96551,2024-10-21,526,30,Home & Living,Painting,2,19.72,Credit Card,Elliottmouth,3.0,F,25,39.44,Adult
95940,2024-06-24,672,10,Electronics,Tablet,3,295.67,Cash on Delivery,Coxfurt,4.0,M,29,887.01,Adult
11021,2024-08-12,114,20,Fashion,T-shirt,5,67.92,Bank Transfer,North James,5.0,M,47,339.6,Adult
43591,2024-06-12,302,50,Sports & Outdoors,Running Shoes,4,170.43,Cash on Delivery,Frankbury,5.0,M,37,681.72,Adult
75278,2025-03-03,538,40,Books & Stationery,Eraser,3,266.15,Credit Card,Javierview,3.0,Unknown,59,798.4499999999999,Senior
25229,2024-10-09,644,30,Home & Living,Blanket,2,157.56,Credit Card,Anthonybury,1.0,F,27,315.12,Adult
38547,2024-12-10,486,30,Home & Living,Carpet,3,474.17,Credit Card,West Courtneychester,4.0,M,61,1422.51,Senior
23008,2024-11-01,248,20,Fashion,Dress,5,194.27,Bank Transfer,Richardshire,3.0,Unknown,53,971.35,Senior
86746,2024-03-24,768,30,Home & Living,Pillow,3,298.27,Credit Card,Mendezburgh,4.0,M,62,894.81,Senior
20019,2025-03-04,886,40,Books & Stationery,Novel,4,300.03,Credit Card,Jeremyview,4.0,Unknown,34,1200.12,Adult
91509,2025-02-24,113,50,Sports & Outdoors,Running Shoes,3,459.41,Credit Card,Robertfort,5.0,F,43,1378.23,Adult
37040,2024-07-28,628,40,Books & Stationery,Story Book,3,421.13,Cash on Delivery,Matthewmouth,5.0,F,41,1263.3899999999999,Adult
55304,2024-11-16,417,10,Electronics,Tablet,1,36.52,Cash on Delivery,North Janet,0.0,F,34,36.52,Adult
41567,2025-01-25,292,20,Fashion,Dress,4,256.18,Credit Card,New Jenniferberg,0.0,F,32,1024.72,Adult
80803,2024-03-24,882,30,Home & Living,Pillow,1,293.0,Bank Transfer,South William,5.0,M,26,293.0,Adult
53811,2024-09-21,551,40,Books & Stationery,Eraser,5,426.37,Credit Card,Port Cristianfort,4.0,F,52,2131.85,Senior
50145,2024-10-26,554,10,Electronics,Tablet,3,321.07,Cash on Delivery,Paulton,3.0,M,34,963.21,Adult
91161,2024-05-29,556,50,Sports & Outdoors,Tent,3,378.67,Credit Card,Port Christopher,4.0,M,25,1136.01,Adult
11578,2024-05-22,787,40,Books & Stationery,Eraser,2,36.37,Bank Transfer,Brayfurt,4.0,Unknown,35,72.74,Adult
97111,2024-09-07,897,40,Books & Stationery,Notebook,4,14.47,Bank Transfer,East Brittany,5.0,F,33,57.88,Adult
81289,2024-07-18,485,40,Books & Stationery,Novel,1,489.21,Cash on Delivery,North Jamesside,5.0,M,60,489.21,Senior
54503,2024-04-03,416,50,Sports & Outdoors,Soccer Ball,2,337.25,Cash on Delivery,Walkerland,2.0,F,42,674.5,Adult
63919,2024-04-23,209,40,Books & Stationery,Pen,3,12.89,Bank Transfer,Jeffreyville,2.0,M,54,38.67,Senior
17074,2024-06-02,224,30,Home & Living,Carpet,1,260.52,Cash on Delivery,Benjaminburgh,5.0,M,37,260.52,Adult
33203,2024-05-31,236,50,Sports & Outdoors,Running Shoes,5,366.17,Cash on Delivery,Pettymouth,5.0,M,62,1830.8500000000001,Senior
23188,2024-06-01,682,50,Sports & Outdoors,Soccer Ball,5,299.34,Credit Card,Port Matthew,0.0,M,59,1496.6999999999998,Senior
75474,2024-05-22,107,40,Books & Stationery,Notebook,1,117.47,Credit Card,Levyport,4.0,M,73,117.47,Senior
71005,2024-09-26,203,10,Electronics,Headphones,3,129.35,Credit Card,Grahamhaven,5.0,M,28,388.04999999999995,Adult
25974,2025-02-12,123,40,Books & Stationery,Eraser,1,65.69,Credit Card,East Marymouth,4.0,F,71,65.69,Senior
11008,2024-07-23,981,30,Home & Living,Painting,2,366.42,Cash on Delivery,Lake Emilymouth,5.0,M,58,732.84,Senior
49232,2024-07-03,172,30,Home & Living,Carpet,1,415.86,Cash on Delivery,Joshuaton,4.0,F,53,415.86,Senior
42115,2024-11-09,135,20,Fashion,T-shirt,4,39.22,Bank Transfer,North Johnland,4.0,F,55,156.88,Senior
48519,2024-09-22,954,30,Home & Living,Pillow,4,206.28,Cash on Delivery,Lewisburgh,4.0,M,67,825.12,Senior
80882,2025-02-27,511,10,Electronics,Smartphone,3,375.59,Credit Card,Mitchellfort,3.0,F,32,1126.77,Adult
44592,2024-08-17,909,50,Sports & Outdoors,Soccer Ball,2,414.37,Credit Card,Laurenmouth,0.0,Unknown,66,828.74,Senior
52566,2025-01-24,799,30,Home & Living,Vase,4,114.85,Cash on Delivery,West Jessica,2.0,F,31,459.4,Adult
96568,2024-03-21,842,20,Fashion,Dress,1,284.33,Bank Transfer,Port Melissa,1.0,M,62,284.33,Senior
63876,2024-09-04,545,50,Sports & Outdoors,Running Shoes,2,107.84,Credit Card,Nicolebury,1.0,F,53,215.68,Senior
73481,2024-08-24,538,30,Home & Living,Pillow,4,197.51,Credit Card,Bateshaven,5.0,M,22,790.04,Young
22729,2024-03-31,649,30,Home & Living,Blanket,2,131.22,Bank Transfer,West Reginaldbury,4.0,M,32,262.44,Adult
94532,2024-11-06,335,50,Sports & Outdoors,Running Shoes,4,85.58,Credit Card,Port Lisa,5.0,F,41,342.32,Adult
62699,2024-04-11,722,10,Electronics,Laptop,4,19.28,Bank Transfer,Michaelchester,4.0,M,36,77.12,Adult
32637,2024-07-15,175,20,Fashion,Shirt,3,101.45,Bank Transfer,West Richard,3.0,F,33,304.35,Adult
67215,2024-12-02,912,20,Fashion,Pants,1,242.04,Credit Card,Codyburgh,4.0,M,71,242.04,Senior
49861,2024-11-24,832,20,Fashion,Skirt,2,96.31,Cash on Delivery,Brianburgh,5.0,M,46,192.62,Adult
58283,2025-01-25,787,30,Home & Living,Painting,3,138.17,Cash on Delivery,Colemanchester,5.0,F,22,414.51,Young
29306,2024-12-07,162,50,Sports & Outdoors,Yoga Mat,3,358.82,Cash on Delivery,Williamsburgh,5.0,M,41,1076.46,Adult
45508,2024-10-15,300,50,Sports & Outdoors,Soccer Ball,3,452.9,Bank Transfer,Tonyamouth,5.0,F,53,1358.6999999999998,Senior
57419,2024-12-15,222,10,Electronics,Tablet,2,423.22,Credit Card,Alvaradobury,2.0,M,29,846.44,Adult
25952,2024-12-30,448,20,Fashion,Pants,5,287.5,Bank Transfer,Amandafort,0.0,F,73,1437.5,Senior
32569,2025-02-06,336,40,Books & Stationery,Eraser,2,336.89,Credit Card,Port Catherine,1.0,Unknown,26,673.78,Adult
56081,2025-03-09,502,10,Electronics,Smartwatch,5,370.24,Bank Transfer,Kennethton,0.0,M,38,1851.2,Adult
27117,2024-11-27,312,20,Fashion,Pants,4,245.65,Credit Card,West Jonathanmouth,4.0,F,66,982.6,Senior
75434,2024-12-03,775,10,Electronics,Laptop,3,256.12,Cash on Delivery,Craigmouth,3.0,M,21,768.36,Young
22360,2024-04-19,766,10,Electronics,Laptop,3,192.92,Credit Card,Port Maxwell,4.0,M,68,578.76,Senior
20025,2024-12-21,681,50,Sports & Outdoors,Yoga Mat,2,68.51,Cash on Delivery,North Debraland,5.0,M,60,137.02,Senior
77096,2024-11-30,369,50,Sports & Outdoors,Running Shoes,4,83.08,Credit Card,Millerborough,5.0,M,22,332.32,Young
45241,2024-10-14,448,40,Books & Stationery,Eraser,5,141.47,Cash on Delivery,Port Stacey,0.0,F,29,707.35,Adult
54476,2025-01-14,678,10,Electronics,Smartphone,2,184.2,Credit Card,Tiffanyshire,5.0,F,21,368.4,Young
84001,2024-09-17,970,10,Electronics,Smartwatch,5,332.86,Credit Card,East Robynmouth,5.0,M,67,1664.3000000000002,Senior
52189,2024-09-01,653,10,Electronics,Tablet,1,183.61,Bank Transfer,Lake Michael,4.0,F,49,183.61,Adult
10539,2025-03-17,142,40,Books & Stationery,Story Book,1,34.64,Bank Transfer,Anthonyport,3.0,F,44,34.64,Adult
39027,2024-12-26,757,30,Home & Living,Carpet,1,274.59,Bank Transfer,Russellton,0.0,M,23,274.59,Young
35603,2024-08-15,177,40,Books & Stationery,Story Book,4,228.81,Bank Transfer,Lake Brent,3.0,F,68,915.24,Senior
46781,2024-07-03,543,40,Books & Stationery,Pen,1,282.92,Cash on Delivery,New Jose,4.0,M,32,282.92,Adult
84937,2024-05-02,186,50,Sports & Outdoors,Yoga Mat,4,37.17,Cash on Delivery,Montgomeryberg,0.0,M,45,148.68,Adult
55371,2024-04-02,753,50,Sports & Outdoors,Basketball,4,263.69,Cash on Delivery,South Anthonyfurt,5.0,Unknown,73,1054.76,Senior
88015,2024-05-20,285,20,Fashion,Skirt,4,264.29,Bank Transfer,Kathleenview,5.0,M,62,1057.16,Senior
24054,2024-11-05,953,50,Sports & Outdoors,Basketball,3,220.73,Credit Card,Lake Michaelfort,4.0,F,26,662.1899999999999,Adult
85009,2025-01-23,260,50,Sports & Outdoors,Tent,4,109.06,Cash on Delivery,Janetfort,0.0,M,21,436.24,Young
36926,2024-03-29,350,40,Books & Stationery,Notebook,2,137.12,Bank Transfer,Simonfort,4.0,F,68,274.24,Senior
50538,2024-10-02,868,40,Books & Stationery,Eraser,2,246.64,Cash on Delivery,North Ryanfort,5.0,Unknown,33,493.28,Adult
73858,2024-05-21,604,20,Fashion,Skirt,4,488.49,Cash on Delivery,South Robert,4.0,M,42,1953.96,Adult
85518,2025-03-11,519,50,Sports & Outdoors,Basketball,1,292.66,Cash on Delivery,East Martin,5.0,M,75,292.66,Senior
77823,2024-09-27,994,10,Electronics,Smartphone,5,475.31,Credit Card,South Roger,5.0,F,34,2376.55,Adult
47212,2024-03-28,856,20,Fashion,Skirt,4,477.68,Credit Card,Port Jordan,0.0,M,29,1910.72,Adult
47342,2024-08-30,141,10,Electronics,Laptop,4,226.23,Credit Card,Port Tammyberg,5.0,M,59,904.92,Senior
14911,2025-01-18,589,30,Home & Living,Painting,2,231.85,Credit Card,New Madeline,0.0,M,74,463.7,Senior
89576,2024-09-21,774,30,Home & Living,Vase,3,82.53,Bank Transfer,Lake Jeanneview,0.0,F,26,247.59,Adult
24426,2025-02-07,943,40,Books & Stationery,Pen,2,443.49,Cash on Delivery,South Tonya,4.0,M,67,886.98,Senior
56955,2024-07-14,922,20,Fashion,T-shirt,1,183.3,Cash on Delivery,Whitakerview,5.0,M,24,183.3,Young
96674,2024-04-30,674,40,Books & Stationery,Eraser,3,312.17,Bank Transfer,Reedside,0.0,M,21,936.51,Young
68792,2024-11-09,209,50,Sports & Outdoors,Yoga Mat,1,119.39,Cash on Delivery,Kevinville,5.0,M,38,119.39,Adult
27462,2024-09-08,864,10,Electronics,Smartwatch,5,466.38,Bank Transfer,Johnfort,3.0,M,67,2331.9,Senior
13112,2024-12-15,202,10,Electronics,Headphones,2,182.06,Cash on Delivery,South Katherineside,3.0,Unknown,35,364.12,Adult
97281,2024-12-07,450,30,Home & Living,Blanket,4,289.63,Credit Card,Ramirezton,5.0,M,32,1158.52,Adult
85365,2024-12-18,870,20,Fashion,Skirt,2,158.05,Cash on Delivery,Andersonshire,5.0,M,59,316.1,Senior
78620,2024-07-11,909,10,Electronics,Smartphone,1,89.38,Credit Card,Tiffanyport,3.0,F,47,89.38,Adult
35625,2024-11-24,863,30,Home & Living,Pillow,2,19.35,Cash on Delivery,Lake Johnland,3.0,Unknown,22,38.7,Young
32232,2024-09-23,476,10,Electronics,Smartphone,1,234.56,Cash on Delivery,Mcdonaldmouth,5.0,M,55,234.56,Senior
85614,2025-03-13,189,20,Fashion,T-shirt,5,452.67,Cash on Delivery,Harrisberg,0.0,F,70,2263.35,Senior
76563,2024-10-31,108,50,Sports & Outdoors,Soccer Ball,2,283.81,Cash on Delivery,Moniquemouth,5.0,F,59,567.62,Senior
55931,2024-09-13,431,40,Books & Stationery,Pen,2,328.1,Credit Card,East Nicole,5.0,F,46,656.2,Adult
86183,2025-02-21,263,50,Sports & Outdoors,Yoga Mat,3,204.96,Cash on Delivery,Port Victoriashire,0.0,F,72,614.88,Senior
49701,2024-04-21,684,40,Books & Stationery,Story Book,1,107.79,Bank Transfer,Lake Jasmineport,3.0,F,63,107.79,Senior
59944,2025-02-06,293,50,Sports & Outdoors,Basketball,2,361.99,Bank Transfer,Lake Charlestown,4.0,M,51,723.98,Senior
33496,2024-09-24,863,50,Sports & Outdoors,Running Shoes,5,174.83,Bank Transfer,Port Ginaside,5.0,M,71,874.1500000000001,Senior
10403,2024-05-03,643,10,Electronics,Smartphone,5,263.87,Bank Transfer,Lake Kimberlyburgh,0.0,M,65,1319.35,Senior
53649,2024-12-22,742,50,Sports & Outdoors,Yoga Mat,1,329.05,Cash on Delivery,Rebeccahaven,4.0,F,56,329.05,Senior
30444,2024-12-24,651,30,Home & Living,Vase,4,61.91,Credit Card,Alexanderborough,2.0,F,38,247.64,Adult
99315,2024-10-03,618,30,Home & Living,Painting,3,413.52,Cash on Delivery,Michelleview,3.0,Unknown,39,1240.56,Adult
82989,2024-05-24,892,10,Electronics,Headphones,1,474.75,Bank Transfer,Port Marvinmouth,5.0,F,61,474.75,Senior
67967,2024-05-04,965,40,Books & Stationery,Notebook,3,495.24,Cash on Delivery,Hodgemouth,0.0,Unknown,30,1485.72,Adult
51301,2025-01-07,398,30,Home & Living,Vase,5,73.19,Cash on Delivery,Henrystad,5.0,M,43,365.95,Adult
41492,2024-07-02,631,50,Sports & Outdoors,Yoga Mat,2,402.56,Cash on Delivery,Kathrynton,4.0,M,74,805.12,Senior
20636,2024-03-22,707,10,Electronics,Laptop,2,257.81,Bank Transfer,Parkerfurt,0.0,F,31,515.62,Adult
43023,2024-11-13,241,30,Home & Living,Painting,5,395.64,Cash on Delivery,Lake Michaelport,0.0,M,44,1978.1999999999998,Adult
73536,2024-06-12,311,30,Home & Living,Vase,5,306.44,Credit Card,Port Ashleyview,0.0,M,61,1532.2,Senior
36373,2024-09-25,901,50,Sports & Outdoors,Basketball,1,101.9,Bank Transfer,Port Lindaton,1.0,F,50,101.9,Senior
64799,2024-10-30,950,50,Sports & Outdoors,Yoga Mat,4,346.44,Cash on Delivery,East Christopher,0.0,F,71,1385.76,Senior
48216,2024-08-12,738,40,Books & Stationery,Pen,5,228.23,Bank Transfer,Mendozatown,4.0,M,21,1141.1499999999999,Young
96190,2024-11-04,415,50,Sports & Outdoors,Yoga Mat,5,365.81,Cash on Delivery,Patriciaville,5.0,M,18,1829.05,Young
38114,2024-05-09,817,30,Home & Living,Carpet,2,287.85,Credit Card,South Brianna,4.0,M,20,575.7,Young
64326,2024-08-15,348,40,Books & Stationery,Notebook,5,275.88,Bank Transfer,Rachelburgh,0.0,F,63,1379.4,Senior
50937,2024-11-05,101,30,Home & Living,Painting,1,92.22,Cash on Delivery,Stevensonside,5.0,F,46,92.22,Adult
26849,2024-11-24,667,50,Sports & Outdoors,Running Shoes,3,116.74,Bank Transfer,Gardnerberg,5.0,F,27,350.21999999999997,Adult
74233,2024-10-13,750,50,Sports & Outdoors,Basketball,2,103.2,Bank Transfer,New Miranda,5.0,F,60,206.4,Senior
76603,2025-02-27,511,10,Electronics,Smartwatch,2,289.9,Cash on Delivery,Lake Toddside,5.0,F,36,579.8,Adult
15505,2024-10-25,465,50,Sports & Outdoors,Yoga Mat,2,350.15,Bank Transfer,Jamiefort,4.0,F,19,700.3,Young
32787,2024-12-05,359,50,Sports & Outdoors,Tent,5,88.57,Cash on Delivery,Lindsaybury,0.0,M,28,442.84999999999997,Adult
34368,2024-07-31,204,20,Fashion,Dress,3,475.53,Bank Transfer,Kurtmouth,5.0,F,69,1426.59,Senior
17277,2024-10-21,157,20,Fashion,Skirt,4,22.26,Cash on Delivery,Lake Michaelhaven,3.0,F,70,89.04,Senior
56705,2024-08-12,299,20,Fashion,Shirt,2,168.65,Credit Card,Michellefort,2.0,M,38,337.3,Adult
29275,2024-11-23,180,40,Books & Stationery,Eraser,4,234.04,Credit Card,Port Tracystad,1.0,M,68,936.16,Senior
82077,2024-09-14,889,20,Fashion,Shirt,1,239.33,Credit Card,Brandyborough,5.0,M,37,239.33,Adult
83207,2024-05-27,530,50,Sports & Outdoors,Soccer Ball,5,228.76,Cash on Delivery,New Edwardville,5.0,M,56,1143.8,Senior
44793,2024-05-17,401,10,Electronics,Smartwatch,5,340.32,Credit Card,West Michellemouth,1.0,F,54,1701.6,Senior
26759,2024-04-30,762,30,Home & Living,Pillow,3,110.55,Credit Card,East Loretta,4.0,Unknown,44,331.65,Adult
58103,2025-01-29,389,30,Home & Living,Vase,3,435.37,Cash on Delivery,Nicholasfurt,0.0,M,18,1306.1100000000001,Young
75246,2024-08-27,643,10,Electronics,Smartphone,5,208.59,Bank Transfer,North Jessica,4.0,M,56,1042.95,Senior
10825,2024-09-09,693,30,Home & Living,Blanket,1,286.34,Cash on Delivery,Port Marcusmouth,5.0,M,63,286.34,Senior
14108,2024-09-22,820,40,Books & Stationery,Pen,1,357.97,Bank Transfer,Markborough,4.0,M,55,357.97,Senior
33770,2025-03-10,716,10,Electronics,Tablet,1,433.99,Credit Card,East Frankhaven,5.0,M,42,433.99,Adult
62183,2024-04-04,568,50,Sports & Outdoors,Soccer Ball,2,494.81,Cash on Delivery,Jasontown,3.0,F,52,989.62,Senior
68604,2024-04-07,117,50,Sports & Outdoors,Running Shoes,2,333.05,Credit Card,North Donna,0.0,F,45,666.1,Adult
45242,2025-01-14,471,20,Fashion,Pants,4,375.91,Cash on Delivery,Port Melissaborough,2.0,F,73,1503.64,Senior
35117,2025-02-24,391,40,Books & Stationery,Story Book,5,224.84,Bank Transfer,Davidbury,5.0,M,60,1124.2,Senior
67405,2024-04-13,183,20,Fashion,T-shirt,2,85.31,Bank Transfer,Morrisport,4.0,F,43,170.62,Adult
70242,2024-04-21,732,50,Sports & Outdoors,Running Shoes,2,325.89,Credit Card,Garciamouth,2.0,M,27,651.78,Adult
97874,2024-05-30,967,20,Fashion,Pants,5,381.31,Credit Card,Lake Matthew,0.0,Unknown,71,1906.55,Senior
53070,2024-11-19,503,50,Sports & Outdoors,Running Shoes,5,66.96,Credit Card,Jefferyshire,5.0,F,68,334.79999999999995,Senior
85352,2024-07-04,755,20,Fashion,T-shirt,5,149.06,Cash on Delivery,East Ana,5.0,M,38,745.3,Adult
95354,2024-07-13,394,50,Sports & Outdoors,Running Shoes,2,343.76,Cash on Delivery,Shawberg,5.0,Unknown,30,687.52,Adult
24734,2025-03-05,674,50,Sports & Outdoors,Basketball,2,95.99,Cash on Delivery,Monicaland,5.0,F,39,191.98,Adult
16797,2024-07-27,333,40,Books & Stationery,Novel,1,124.08,Credit Card,North Nancyville,0.0,M,59,124.08,Senior
38245,2024-11-11,615,50,Sports & Outdoors,Soccer Ball,4,340.85,Credit Card,Franklinmouth,4.0,Unknown,36,1363.4,Adult
71237,2024-09-05,588,10,Electronics,Laptop,4,264.15,Cash on Delivery,Brentbury,3.0,F,57,1056.6,Senior
45326,2024-08-15,714,20,Fashion,Skirt,2,329.92,Bank Transfer,Lake Joanna,4.0,M,41,659.84,Adult
82764,2024-04-23,763,10,Electronics,Smartphone,1,317.08,Credit Card,Lake Scottfurt,1.0,F,37,317.08,Adult
19238,2025-01-11,517,10,Electronics,Headphones,2,108.34,Cash on Delivery,Donaldside,5.0,M,70,216.68,Senior
99272,2024-04-26,847,20,Fashion,Pants,3,40.92,Bank Transfer,South Becky,0.0,M,66,122.76,Senior
67667,2024-11-14,854,40,Books & Stationery,Novel,3,366.14,Bank Transfer,Ericville,5.0,M,37,1098.42,Adult
90933,2024-06-21,799,50,Sports & Outdoors,Yoga Mat,3,348.24,Cash on Delivery,North Erikbury,5.0,M,65,1044.72,Senior
76203,2024-04-03,307,20,Fashion,Dress,5,39.18,Credit Card,Port Jeffrey,4.0,Unknown,61,195.9,Senior
63024,2024-12-24,990,30,Home & Living,Blanket,3,480.65,Credit Card,Kimberlymouth,5.0,F,73,1441.9499999999998,Senior
12544,2024-07-02,958,10,Electronics,Laptop,3,153.12,Bank Transfer,Webermouth,1.0,M,28,459.36,Adult
47814,2024-07-17,557,20,Fashion,Shirt,1,146.28,Cash on Delivery,East Johnton,4.0,F,39,146.28,Adult
94070,2024-11-26,822,50,Sports & Outdoors,Yoga Mat,2,236.61,Bank Transfer,West Tyler,5.0,M,67,473.22,Senior
51031,2024-05-25,216,40,Books & Stationery,Story Book,4,140.73,Cash on Delivery,Lake Nancy,0.0,F,50,562.92,Senior
50980,2024-05-29,688,40,Books & Stationery,Eraser,2,44.8,Credit Card,New Donnatown,5.0,Unknown,27,89.6,Adult
59644,2024-10-28,139,40,Books & Stationery,Story Book,5,108.39,Cash on Delivery,Cynthiaburgh,5.0,M,61,541.95,Senior
93277,2024-06-20,428,40,Books & Stationery,Pen,1,487.74,Cash on Delivery,Lake Jillton,5.0,F,70,487.74,Senior
95274,2024-05-15,126,20,Fashion,T-shirt,5,323.9,Cash on Delivery,Cassandramouth,2.0,F,45,1619.5,Adult
66682,2025-02-04,632,50,Sports & Outdoors,Yoga Mat,1,315.09,Bank Transfer,Cartermouth,5.0,F,42,315.09,Adult
22604,2025-02-08,351,30,Home & Living,Carpet,1,247.45,Credit Card,East Russellville,2.0,M,47,247.45,Adult
55539,2024-12-13,614,10,Electronics,Laptop,5,144.95,Credit Card,Jasonbury,5.0,F,59,724.75,Senior
79715,2024-11-22,977,10,Electronics,Headphones,5,196.87,Credit Card,West Crystal,3.0,F,38,984.35,Adult
47637,2024-09-28,197,40,Books & Stationery,Eraser,2,484.93,Cash on Delivery,West Mary,0.0,F,42,969.86,Adult
71289,2025-01-11,815,30,Home & Living,Vase,1,450.81,Bank Transfer,East Kylie,0.0,M,50,450.81,Senior
74956,2024-12-14,204,50,Sports & Outdoors,Basketball,5,93.29,Credit Card,Kristenberg,5.0,M,58,466.45000000000005,Senior
85940,2024-07-15,722,40,Books & Stationery,Pen,1,247.97,Bank Transfer,East Kimberlyshire,4.0,M,37,247.97,Adult
38512,2025-03-09,976,20,Fashion,Skirt,5,229.81,Credit Card,Huntershire,5.0,M,34,1149.05,Adult
39828,2025-02-12,953,40,Books & Stationery,Novel,3,58.91,Credit Card,Markchester,5.0,F,75,176.73,Senior
25897,2024-11-22,247,30,Home & Living,Vase,5,65.87,Cash on Delivery,Randallburgh,1.0,M,29,329.35,Adult
90319,2024-06-25,797,30,Home & Living,Carpet,4,164.55,Cash on Delivery,South Jacquelineside,5.0,F,69,658.2,Senior
40188,2025-02-24,533,10,Electronics,Smartwatch,1,475.07,Credit Card,Gilmoreberg,0.0,F,75,475.07,Senior
20770,2024-11-01,941,10,Electronics,Smartphone,2,391.43,Credit Card,Moranland,0.0,Unknown,44,782.86,Adult
68850,2025-02-07,484,40,Books & Stationery,Notebook,1,53.18,Credit Card,North Elizabethbury,1.0,F,58,53.18,Senior
18651,2024-07-04,121,40,Books & Stationery,Story Book,5,412.7,Cash on Delivery,Roychester,5.0,M,29,2063.5,Adult
93130,2024-07-11,233,40,Books & Stationery,Eraser,2,354.85,Credit Card,Eddiefurt,5.0,M,38,709.7,Adult
67596,2025-02-15,348,50,Sports & Outdoors,Running Shoes,2,276.39,Bank Transfer,Melanieton,5.0,F,41,552.78,Adult
49580,2024-12-25,828,40,Books & Stationery,Eraser,1,373.83,Bank Transfer,Watsonchester,4.0,M,30,373.83,Adult
42185,2024-09-24,615,50,Sports & Outdoors,Soccer Ball,2,86.15,Credit Card,Lake Spencer,4.0,M,35,172.3,Adult
60712,2025-02-09,775,50,Sports & Outdoors,Tent,5,24.18,Credit Card,Georgestad,5.0,M,57,120.9,Senior
10679,2024-04-23,819,10,Electronics,Laptop,4,192.51,Cash on Delivery,Douglashaven,4.0,Unknown,53,770.04,Senior
60036,2024-11-27,244,20,Fashion,Shirt,4,333.23,Bank Transfer,South Julieborough,0.0,F,57,1332.92,Senior
20393,2025-02-28,133,40,Books & Stationery,Notebook,5,468.55,Credit Card,South Elizabethport,2.0,M,68,2342.75,Senior
13591,2024-04-21,884,30,Home & Living,Pillow,1,394.06,Credit Card,Cameronside,4.0,M,18,394.06,Young
92950,2024-03-27,265,30,Home & Living,Painting,2,217.67,Bank Transfer,Austinbury,5.0,F,37,435.34,Adult
48855,2024-11-05,809,40,Books & Stationery,Eraser,1,447.49,Bank Transfer,Watkinsburgh,0.0,F,47,447.49,Adult
32947,2025-01-10,387,40,Books & Stationery,Story Book,2,308.41,Bank Transfer,Morrisonmouth,5.0,Unknown,41,616.82,Adult
21063,2025-01-23,327,20,Fashion,Shirt,2,499.5,Bank Transfer,Dorseymouth,0.0,M,66,999.0,Senior
45081,2025-02-05,721,20,Fashion,Dress,4,31.75,Bank Transfer,East Charles,0.0,Unknown,55,127.0,Senior
97274,2025-02-24,560,10,Electronics,Smartphone,3,78.61,Credit Card,East Donna,4.0,M,55,235.82999999999998,Senior
39413,2024-10-01,362,20,Fashion,Pants,2,327.22,Cash on Delivery,Wesleytown,1.0,F,23,654.44,Young
87140,2024-12-02,977,30,Home & Living,Blanket,3,83.47,Credit Card,New Joshua,5.0,F,28,250.41,Adult
99265,2024-08-24,532,10,Electronics,Smartwatch,5,266.04,Cash on Delivery,Garyville,0.0,F,43,1330.2,Adult
98186,2024-08-25,606,50,Sports & Outdoors,Running Shoes,1,134.35,Bank Transfer,Lake Brianbury,4.0,F,47,134.35,Adult
88975,2024-11-14,577,50,Sports & Outdoors,Yoga Mat,3,149.49,Cash on Delivery,New Norma,4.0,M,59,448.47,Senior
60144,2025-01-23,287,10,Electronics,Smartphone,4,86.23,Cash on Delivery,Marshallside,0.0,M,65,344.92,Senior
50437,2024-09-20,220,40,Books & Stationery,Notebook,2,266.27,Cash on Delivery,Port Jasmin,2.0,M,34,532.54,Adult
45637,2024-10-22,961,30,Home & Living,Painting,3,228.55,Credit Card,East Whitney,0.0,F,62,685.6500000000001,Senior
65819,2024-06-16,691,50,Sports & Outdoors,Soccer Ball,2,255.9,Credit Card,East Michaelborough,4.0,M,34,511.8,Adult
41736,2024-10-28,457,10,Electronics,Tablet,4,196.99,Bank Transfer,North Anthony,4.0,Unknown,72,787.96,Senior
15545,2024-12-08,128,40,Books & Stationery,Pen,2,475.77,Bank Transfer,Johnsonborough,0.0,F,65,951.54,Senior
37422,2024-08-28,444,10,Electronics,Tablet,5,21.72,Cash on Delivery,Maddenview,3.0,F,22,108.6,Young
26742,2024-08-30,349,40,Books & Stationery,Story Book,3,456.63,Cash on Delivery,Toddton,5.0,M,75,1369.8899999999999,Senior
43949,2025-01-28,346,30,Home & Living,Blanket,3,158.75,Credit Card,Graystad,4.0,F,27,476.25,Adult
25985,2025-02-07,480,40,Books & Stationery,Notebook,2,353.23,Bank Transfer,Port Debbieborough,0.0,M,65,706.46,Senior
99850,2025-02-27,453,40,Books & Stationery,Novel,3,392.26,Bank Transfer,Bakerside,3.0,F,50,1176.78,Senior
77706,2024-06-17,111,50,Sports & Outdoors,Yoga Mat,2,416.93,Bank Transfer,Edwardstad,5.0,Unknown,33,833.86,Adult
58911,2024-07-03,489,50,Sports & Outdoors,Running Shoes,1,236.22,Bank Transfer,Ashleyfort,5.0,F,72,236.22,Senior
94912,2024-11-14,795,20,Fashion,T-shirt,4,463.07,Credit Card,East Robert,4.0,F,70,1852.28,Senior
42991,2024-08-24,144,30,Home & Living,Vase,1,261.6,Cash on Delivery,Stevensfurt,2.0,F,44,261.6,Adult
88797,2024-10-26,244,30,Home & Living,Pillow,3,216.9,Credit Card,Robertmouth,4.0,F,43,650.7,Adult
95874,2024-12-30,424,50,Sports & Outdoors,Soccer Ball,3,303.48,Bank Transfer,East Christopherborough,0.0,Unknown,48,910.44,Adult
29197,2024-06-26,491,50,Sports & Outdoors,Running Shoes,5,134.12,Cash on Delivery,Lake Anne,0.0,M,49,670.6,Adult
60808,2025-01-08,424,50,Sports & Outdoors,Soccer Ball,3,63.59,Credit Card,Crawfordport,5.0,M,19,190.77,Young
63278,2024-05-31,722,40,Books & Stationery,Eraser,2,215.13,Cash on Delivery,Lake Matthew,5.0,Unknown,53,430.26,Senior
54710,2024-04-11,343,10,Electronics,Smartwatch,5,240.37,Credit Card,Huntberg,5.0,M,27,1201.85,Adult
77729,2024-03-23,744,50,Sports & Outdoors,Basketball,3,243.37,Credit Card,Julieborough,3.0,F,64,730.11,Senior
74178,2024-12-13,179,10,Electronics,Smartwatch,1,20.84,Credit Card,Jonathanstad,2.0,M,52,20.84,Senior
93644,2025-01-31,734,20,Fashion,Shirt,2,361.74,Credit Card,West Denisemouth,5.0,M,33,723.48,Adult
19863,2024-05-14,315,40,Books & Stationery,Notebook,2,180.67,Bank Transfer,South Thomasmouth,3.0,F,24,361.34,Young
42238,2024-07-24,756,10,Electronics,Smartphone,4,338.88,Bank Transfer,Lake Sara,3.0,F,55,1355.52,Senior
93329,2024-10-01,775,10,Electronics,Smartwatch,4,460.38,Credit Card,Johnhaven,1.0,F,44,1841.52,Adult
77318,2025-02-18,305,40,Books & Stationery,Novel,2,203.94,Bank Transfer,Brownchester,5.0,M,23,407.88,Young
79018,2024-09-08,460,50,Sports & Outdoors,Tent,2,150.37,Cash on Delivery,Port Samantha,0.0,F,54,300.74,Senior
46965,2025-02-21,329,30,Home & Living,Vase,3,343.98,Cash on Delivery,West Bradleymouth,5.0,F,47,1031.94,Adult
65284,2025-01-14,290,20,Fashion,Skirt,3,127.78,Credit Card,Smithstad,4.0,M,75,383.34000000000003,Senior
98363,2025-01-30,332,40,Books & Stationery,Story Book,2,160.94,Bank Transfer,Hallbury,0.0,M,27,321.88,Adult
43279,2024-03-30,403,30,Home & Living,Carpet,4,247.25,Credit Card,Anthonyville,2.0,M,26,989.0,Adult
26457,2024-10-07,279,30,Home & Living,Pillow,5,456.55,Bank Transfer,Hawkinschester,4.0,F,60,2282.75,Senior
72471,2024-08-22,557,30,Home & Living,Pillow,3,116.13,Cash on Delivery,Mayland,5.0,F,69,348.39,Senior
55905,2025-03-02,550,30,Home & Living,Vase,1,99.84,Cash on Delivery,Port Darren,3.0,F,73,99.84,Senior
98627,2025-01-24,886,30,Home & Living,Blanket,4,346.54,Bank Transfer,Taylorport,0.0,F,25,1386.16,Adult
15625,2024-12-31,852,20,Fashion,T-shirt,4,380.53,Bank Transfer,Williamsfort,4.0,F,45,1522.12,Adult
78206,2024-08-17,610,30,Home & Living,Carpet,5,212.85,Cash on Delivery,North Jacob,1.0,M,18,1064.25,Young
95795,2024-06-28,955,10,Electronics,Smartwatch,4,205.6,Credit Card,South Omarport,3.0,M,22,822.4,Young
92290,2024-11-06,445,10,Electronics,Smartphone,5,354.64,Bank Transfer,New Amberville,0.0,M,49,1773.1999999999998,Adult
28742,2024-06-02,184,10,Electronics,Headphones,5,335.61,Cash on Delivery,Christinaview,0.0,M,34,1678.0500000000002,Adult
81400,2024-08-02,950,10,Electronics,Tablet,4,167.11,Bank Transfer,South Elizabeth,5.0,M,48,668.44,Adult
32363,2024-04-19,157,50,Sports & Outdoors,Tent,1,60.16,Cash on Delivery,Greenborough,3.0,M,61,60.16,Senior
65208,2024-10-28,204,40,Books & Stationery,Story Book,2,230.11,Bank Transfer,Hernandezburgh,5.0,M,34,460.22,Adult
12858,2024-06-16,957,30,Home & Living,Painting,3,376.19,Bank Transfer,Port Briana,5.0,M,28,1128.57,Adult
31412,2024-06-17,898,20,Fashion,Skirt,2,279.81,Cash on Delivery,Nguyenfort,3.0,F,61,559.62,Senior
12167,2024-11-20,500,30,Home & Living,Vase,1,187.51,Credit Card,West Jeffreyview,4.0,F,46,187.51,Adult
10299,2024-11-27,971,20,Fashion,Dress,4,203.94,Cash on Delivery,Teresaville,5.0,F,33,815.76,Adult
73293,2024-04-30,799,50,Sports & Outdoors,Basketball,1,463.62,Credit Card,Port Thomaston,5.0,Unknown,72,463.62,Senior
12469,2024-06-24,816,50,Sports & Outdoors,Soccer Ball,3,326.55,Bank Transfer,Riveraview,4.0,M,35,979.6500000000001,Adult
57240,2024-12-12,426,10,Electronics,Tablet,4,458.08,Cash on Delivery,Jennachester,5.0,M,61,1832.32,Senior
93539,2025-02-25,907,10,Electronics,Tablet,2,77.37,Cash on Delivery,Gregoryville,1.0,F,43,154.74,Adult
62506,2024-05-09,560,50,Sports & Outdoors,Tent,1,294.45,Cash on Delivery,Port Kellyview,1.0,M,65,294.45,Senior
89076,2024-10-12,967,40,Books & Stationery,Eraser,3,94.54,Cash on Delivery,Wendychester,5.0,M,69,283.62,Senior
81790,2024-04-15,854,10,Electronics,Smartphone,5,372.39,Credit Card,North Jonathanborough,5.0,Unknown,74,1861.9499999999998,Senior
21565,2024-08-13,499,50,Sports & Outdoors,Soccer Ball,4,484.81,Credit Card,Martinezview,0.0,F,43,1939.24,Adult
52835,2024-04-11,159,40,Books & Stationery,Eraser,2,381.5,Cash on Delivery,North Davidchester,4.0,F,31,763.0,Adult
20004,2024-05-25,137,30,Home & Living,Blanket,3,220.32,Credit Card,Justinport,5.0,M,49,660.96,Adult
19284,2024-07-28,944,20,Fashion,T-shirt,5,162.45,Cash on Delivery,Phillipsport,4.0,F,52,812.25,Senior
99182,2024-12-19,395,20,Fashion,Shirt,3,197.66,Bank Transfer,Garciahaven,0.0,F,23,592.98,Young
54625,2025-01-21,539,50,Sports & Outdoors,Tent,3,99.16,Credit Card,West Tyler,4.0,Unknown,70,297.48,Senior
27766,2024-09-25,257,30,Home & Living,Vase,5,154.72,Credit Card,Lake Troyshire,4.0,Unknown,39,773.6,Adult
77187,2024-05-03,500,20,Fashion,T-shirt,1,149.72,Credit Card,South Edgartown,5.0,M,40,149.72,Adult
78056,2024-09-21,313,40,Books & Stationery,Pen,2,113.24,Credit Card,South Mark,5.0,M,43,226.48,Adult
11363,2024-10-02,816,10,Electronics,Smartwatch,3,81.96,Credit Card,Pattersonfort,2.0,M,63,245.88,Senior
21588,2024-03-25,112,40,Books & Stationery,Notebook,2,298.63,Cash on Delivery,South Veronica,5.0,F,33,597.26,Adult
64649,2024-12-07,438,40,Books & Stationery,Notebook,5,132.98,Cash on Delivery,Alexanderberg,0.0,M,45,664.9,Adult
84063,2025-01-20,744,50,Sports & Outdoors,Running Shoes,5,321.04,Bank Transfer,Scottfort,5.0,F,43,1605.2,Adult
25702,2025-03-12,423,40,Books & Stationery,Eraser,4,306.66,Credit Card,New Brian,5.0,M,40,1226.64,Adult
63100,2024-12-18,974,10,Electronics,Tablet,5,410.6,Credit Card,South Lisaland,3.0,F,58,2053.0,Senior
61329,2024-12-07,311,10,Electronics,Laptop,2,50.52,Bank Transfer,Ashleychester,5.0,M,74,101.04,Senior
98156,2024-03-20,759,40,Books & Stationery,Story Book,3,371.43,Credit Card,Vasquezmouth,0.0,F,48,1114.29,Adult
77850,2024-06-19,633,10,Electronics,Headphones,4,272.92,Bank Transfer,Lake Sharonstad,3.0,F,30,1091.68,Adult
51408,2025-02-14,511,40,Books & Stationery,Story Book,2,212.48,Cash on Delivery,Kiddmouth,4.0,M,59,424.96,Senior
23094,2025-01-17,658,10,Electronics,Laptop,2,43.03,Credit Card,Kristenland,5.0,M,56,86.06,Senior
99909,2024-08-11,233,10,Electronics,Tablet,1,474.06,Cash on Delivery,Sheltonmouth,5.0,F,37,474.06,Adult
15858,2024-09-20,626,30,Home & Living,Blanket,2,213.97,Cash on Delivery,Jacobville,3.0,F,51,427.94,Senior
74067,2024-06-27,773,40,Books & Stationery,Notebook,3,494.87,Cash on Delivery,Melanieberg,5.0,M,37,1484.6100000000001,Adult
94108,2025-01-20,837,30,Home & Living,Painting,2,87.3,Cash on Delivery,Bowmanmouth,5.0,F,72,174.6,Senior
89639,2024-07-17,124,10,Electronics,Tablet,4,36.1,Cash on Delivery,Pierceport,3.0,M,25,144.4,Adult
84845,2024-05-15,614,40,Books & Stationery,Eraser,4,73.59,Credit Card,Mejiahaven,0.0,M,71,294.36,Senior
91742,2024-08-11,632,20,Fashion,Pants,1,332.78,Cash on Delivery,Brandichester,5.0,M,28,332.78,Adult
53928,2024-07-18,624,10,Electronics,Laptop,5,257.73,Bank Transfer,Butlerton,5.0,F,35,1288.65,Adult
61294,2024-08-23,645,40,Books & Stationery,Eraser,2,229.57,Bank Transfer,Port Jameston,4.0,M,38,459.14,Adult
46992,2024-05-13,824,20,Fashion,T-shirt,2,227.13,Cash on Delivery,East Corytown,0.0,F,30,454.26,Adult
35007,2024-06-09,355,30,Home & Living,Vase,2,149.77,Cash on Delivery,Lake Rhondatown,5.0,Unknown,65,299.54,Senior
37972,2024-10-07,603,50,Sports & Outdoors,Basketball,4,316.74,Bank Transfer,Colemouth,4.0,M,53,1266.96,Senior
14303,2024-08-14,332,10,Electronics,Tablet,5,425.1,Credit Card,Bakerburgh,4.0,F,51,2125.5,Senior
51971,2024-04-09,990,50,Sports & Outdoors,Soccer Ball,4,115.36,Bank Transfer,Port Johnport,0.0,F,41,461.44,Adult
74218,2024-12-30,631,40,Books & Stationery,Story Book,1,309.55,Bank Transfer,New Natalie,5.0,F,52,309.55,Senior
28063,2024-05-03,398,30,Home & Living,Carpet,5,16.7,Bank Transfer,Robertsbury,0.0,Unknown,26,83.5,Adult
26545,2024-05-08,985,30,Home & Living,Carpet,2,470.08,Credit Card,Millerhaven,0.0,F,54,940.16,Senior
23570,2024-05-21,721,40,Books & Stationery,Novel,5,192.8,Bank Transfer,Calebmouth,4.0,M,35,964.0,Adult
41613,2025-02-21,159,30,Home & Living,Vase,5,487.53,Credit Card,Port Melissaborough,4.0,F,19,2437.6499999999996,Young
81507,2025-01-13,611,20,Fashion,Skirt,1,124.01,Cash on Delivery,New Josephland,5.0,F,58,124.01,Senior
39659,2025-02-26,881,20,Fashion,Shirt,2,311.84,Cash on Delivery,New Kurtmouth,4.0,M,75,623.68,Senior
60063,2024-12-19,173,50,Sports & Outdoors,Basketball,1,432.67,Bank Transfer,Jacobsside,5.0,F,68,432.67,Senior
87478,2024-04-19,788,30,Home & Living,Vase,1,22.21,Bank Transfer,Williamton,4.0,F,50,22.21,Senior
15676,2024-04-22,649,40,Books & Stationery,Eraser,3,355.78,Cash on Delivery,Rachelland,0.0,M,72,1067.34,Senior
96947,2025-01-27,148,40,Books & Stationery,Novel,5,291.22,Cash on Delivery,Jonesport,3.0,M,35,1456.1000000000001,Adult
18555,2025-03-06,287,50,Sports & Outdoors,Tent,2,332.47,Credit Card,Gutierreztown,5.0,M,68,664.94,Senior
98074,2024-08-03,463,30,Home & Living,Vase,4,494.66,Cash on Delivery,East Jason,4.0,F,47,1978.64,Adult
65624,2024-03-26,732,50,Sports & Outdoors,Basketball,2,188.47,Credit Card,West Krista,5.0,Unknown,63,376.94,Senior
65546,2024-04-01,575,20,Fashion,Dress,4,400.94,Bank Transfer,Davidton,2.0,F,65,1603.76,Senior
47601,2024-07-31,793,50,Sports & Outdoors,Yoga Mat,2,241.9,Cash on Delivery,South Ashleyshire,3.0,Unknown,24,483.8,Young
62697,2024-09-19,774,10,Electronics,Headphones,2,471.12,Bank Transfer,Murrayville,0.0,M,25,942.24,Adult
36278,2024-11-09,246,50,Sports & Outdoors,Running Shoes,2,65.13,Credit Card,Reginachester,0.0,F,75,130.26,Senior
21745,2024-12-23,560,40,Books & Stationery,Notebook,5,124.91,Credit Card,Schultzborough,5.0,Unknown,54,624.55,Senior
86056,2024-05-27,629,20,Fashion,Dress,2,344.86,Credit Card,Devonmouth,5.0,F,63,689.72,Senior
34709,2024-10-28,636,20,Fashion,T-shirt,2,115.08,Bank Transfer,West Nicholas,5.0,F,19,230.16,Young
61360,2024-12-03,544,10,Electronics,Laptop,3,457.44,Cash on Delivery,Myershaven,5.0,M,60,1372.32,Senior
58706,2025-02-07,613,20,Fashion,T-shirt,4,351.62,Bank Transfer,Lake Cody,5.0,F,65,1406.48,Senior
37787,2024-08-02,971,10,Electronics,Tablet,3,91.52,Bank Transfer,West Mariaton,5.0,M,35,274.56,Adult
63842,2024-06-22,781,20,Fashion,Pants,2,460.75,Cash on Delivery,Nguyenmouth,5.0,F,68,921.5,Senior
24024,2024-05-09,869,50,Sports & Outdoors,Basketball,5,419.98,Bank Transfer,Shanetown,4.0,M,55,2099.9,Senior
76057,2024-07-03,560,10,Electronics,Tablet,4,423.45,Bank Transfer,New Rhondaborough,5.0,F,52,1693.8,Senior
19510,2024-10-21,648,20,Fashion,Dress,4,296.5,Bank Transfer,Jaychester,5.0,M,25,1186.0,Adult
58363,2024-09-02,536,10,Electronics,Laptop,5,87.27,Credit Card,New Louis,5.0,M,63,436.34999999999997,Senior
99414,2024-08-17,186,20,Fashion,Pants,4,365.04,Bank Transfer,Jaclynview,3.0,F,55,1460.16,Senior
80473,2024-10-21,317,30,Home & Living,Pillow,2,97.45,Cash on Delivery,Lake Brittanyburgh,3.0,M,44,194.9,Adult
65579,2024-10-07,533,10,Electronics,Smartwatch,1,142.29,Cash on Delivery,Cervantesland,5.0,M,63,142.29,Senior
69487,2024-08-31,729,50,Sports & Outdoors,Yoga Mat,4,464.28,Cash on Delivery,Port Michaelville,4.0,F,62,1857.12,Senior
39267,2024-10-02,399,10,Electronics,Smartwatch,3,153.15,Credit Card,North Danielburgh,5.0,F,74,459.45000000000005,Senior
43043,2025-02-27,203,10,Electronics,Headphones,5,185.65,Bank Transfer,East Justintown,0.0,F,24,928.25,Young
72727,2024-12-26,773,20,Fashion,Shirt,3,153.95,Credit Card,Brownland,0.0,F,42,461.84999999999997,Adult
40110,2024-07-03,325,50,Sports & Outdoors,Running Shoes,5,309.54,Cash on Delivery,North Johnny,0.0,M,27,1547.7,Adult
82756,2024-09-28,597,10,Electronics,Tablet,3,445.82,Cash on Delivery,Ricemouth,0.0,F,73,1337.46,Senior
85139,2024-12-13,844,40,Books & Stationery,Notebook,1,312.01,Bank Transfer,Jackmouth,5.0,M,57,312.01,Senior
73957,2024-07-28,834,40,Books & Stationery,Notebook,5,137.29,Bank Transfer,Shawmouth,4.0,Unknown,24,686.4499999999999,Young
51391,2025-02-15,418,30,Home & Living,Carpet,5,246.68,Cash on Delivery,Port Derek,5.0,F,31,1233.4,Adult
71248,2024-07-01,289,10,Electronics,Smartphone,5,207.28,Bank Transfer,North Mary,5.0,M,42,1036.4,Adult
69170,2024-05-30,660,20,Fashion,Dress,4,66.56,Credit Card,Port Patriciashire,5.0,M,62,266.24,Senior
44293,2024-10-26,212,20,Fashion,Skirt,4,337.11,Cash on Delivery,West Sandrachester,4.0,Unknown,72,1348.44,Senior
79537,2024-10-18,858,40,Books & Stationery,Story Book,5,374.39,Bank Transfer,Anthonyborough,4.0,F,30,1871.9499999999998,Adult
89312,2024-08-30,276,10,Electronics,Smartwatch,3,188.78,Credit Card,Veronicaburgh,0.0,M,31,566.34,Adult
52052,2024-10-27,247,40,Books & Stationery,Novel,3,343.78,Credit Card,North Benjaminton,0.0,F,20,1031.34,Young
12945,2024-09-30,798,50,Sports & Outdoors,Soccer Ball,5,194.83,Bank Transfer,Lake Vincentview,2.0,M,42,974.1500000000001,Adult
37729,2024-12-31,180,30,Home & Living,Carpet,2,127.95,Cash on Delivery,East Erikton,1.0,F,48,255.9,Adult
27282,2024-07-15,405,50,Sports & Outdoors,Yoga Mat,2,292.9,Cash on Delivery,Aliciaberg,0.0,F,60,585.8,Senior
49956,2025-01-17,675,30,Home & Living,Blanket,5,63.52,Cash on Delivery,Audreystad,4.0,M,24,317.6,Young
36125,2024-06-06,521,50,Sports & Outdoors,Running Shoes,5,406.26,Bank Transfer,Rossview,0.0,M,30,2031.3,Adult
20938,2024-10-22,478,40,Books & Stationery,Notebook,1,84.68,Bank Transfer,Jordanmouth,1.0,F,40,84.68,Adult
57457,2024-05-11,284,20,Fashion,Shirt,1,80.65,Cash on Delivery,South Shanehaven,5.0,Unknown,37,80.65,Adult
37265,2024-05-01,162,20,Fashion,Shirt,3,198.02,Credit Card,Colemanmouth,4.0,F,37,594.0600000000001,Adult
74049,2024-10-07,354,10,Electronics,Laptop,5,292.09,Bank Transfer,West Jonathon,3.0,F,46,1460.4499999999998,Adult
14046,2024-12-19,689,20,Fashion,Pants,4,125.91,Bank Transfer,North Amandaland,5.0,F,24,503.64,Young
24025,2024-10-16,761,10,Electronics,Laptop,5,62.46,Credit Card,Brooksmouth,0.0,F,54,312.3,Senior
48878,2024-09-07,814,30,Home & Living,Painting,2,83.97,Credit Card,Kellymouth,4.0,F,75,167.94,Senior
80435,2024-07-05,681,40,Books & Stationery,Notebook,1,232.24,Cash on Delivery,Kennethfort,0.0,M,41,232.24,Adult
20522,2024-11-07,380,30,Home & Living,Pillow,2,302.49,Bank Transfer,Toddmouth,5.0,F,31,604.98,Adult
80222,2024-06-25,543,10,Electronics,Headphones,2,212.77,Credit Card,Schroederland,5.0,F,50,425.54,Senior
96221,2025-02-14,136,50,Sports & Outdoors,Soccer Ball,1,88.76,Cash on Delivery,East Tanyafurt,0.0,M,31,88.76,Adult
42739,2024-09-29,149,10,Electronics,Laptop,5,486.9,Credit Card,Jenniferville,5.0,M,43,2434.5,Adult
39236,2024-06-05,793,30,Home & Living,Blanket,1,158.11,Cash on Delivery,Osborneland,4.0,M,47,158.11,Adult
58368,2024-12-08,522,20,Fashion,Dress,3,162.83,Bank Transfer,Amandamouth,5.0,F,23,488.49,Young
81927,2024-05-04,669,50,Sports & Outdoors,Basketball,1,482.29,Credit Card,Dukeborough,4.0,M,61,482.29,Senior
45270,2024-04-26,685,40,Books & Stationery,Notebook,1,410.45,Bank Transfer,Raytown,4.0,F,71,410.45,Senior
77178,2024-09-17,167,40,Books & Stationery,Novel,5,126.23,Cash on Delivery,Lake Ryanland,3.0,M,61,631.15,Senior
82649,2024-11-26,983,20,Fashion,Pants,1,419.8,Bank Transfer,Smithmouth,0.0,M,60,419.8,Senior
41014,2024-07-11,569,40,Books & Stationery,Pen,1,390.35,Cash on Delivery,West Deanna,5.0,M,34,390.35,Adult
56431,2024-07-03,600,20,Fashion,Pants,3,150.42,Cash on Delivery,Andreatown,3.0,M,42,451.26,Adult
75314,2024-05-31,417,20,Fashion,T-shirt,1,181.56,Cash on Delivery,Shawnview,3.0,F,24,181.56,Young
39329,2024-08-28,218,40,Books & Stationery,Eraser,2,354.8,Cash on Delivery,Jessicastad,4.0,F,59,709.6,Senior
11911,2025-02-21,572,30,Home & Living,Vase,3,395.04,Bank Transfer,Lake Tiffanyfurt,5.0,M,44,1185.1200000000001,Adult
55698,2025-03-16,776,40,Books & Stationery,Pen,4,101.01,Cash on Delivery,Lake Cynthiastad,5.0,M,48,404.04,Adult
78277,2025-01-17,157,30,Home & Living,Pillow,4,406.99,Credit Card,Keithland,0.0,M,38,1627.96,Adult
91463,2024-09-27,110,20,Fashion,Pants,5,418.71,Bank Transfer,Johnsonborough,3.0,F,66,2093.5499999999997,Senior
92859,2024-09-12,727,50,Sports & Outdoors,Running Shoes,3,498.35,Cash on Delivery,Patriciaville,0.0,F,27,1495.0500000000002,Adult
98418,2024-05-28,471,30,Home & Living,Blanket,2,493.95,Cash on Delivery,East Hannahhaven,5.0,F,63,987.9,Senior
21109,2024-07-17,719,50,Sports & Outdoors,Yoga Mat,3,39.67,Bank Transfer,Sellersland,0.0,M,37,119.01,Adult
52736,2024-04-15,175,20,Fashion,Shirt,2,167.59,Bank Transfer,West Jerome,3.0,F,49,335.18,Adult
23300,2024-06-05,737,20,Fashion,Skirt,2,46.12,Credit Card,East Mariebury,2.0,M,66,92.24,Senior
88321,2024-09-22,738,10,Electronics,Smartwatch,5,193.09,Bank Transfer,West Jerry,5.0,M,48,965.45,Adult
43869,2024-06-27,306,30,Home & Living,Pillow,2,55.63,Bank Transfer,Traciburgh,3.0,F,69,111.26,Senior
39825,2024-03-28,301,40,Books & Stationery,Notebook,5,353.19,Cash on Delivery,New Isaacmouth,5.0,Unknown,50,1765.95,Senior
93038,2025-01-06,847,40,Books & Stationery,Story Book,5,125.08,Credit Card,North Michelletown,5.0,M,36,625.4,Adult
49262,2024-07-14,910,20,Fashion,Pants,3,25.79,Credit Card,South Luishaven,5.0,Unknown,22,77.37,Young
98322,2024-04-08,157,50,Sports & Outdoors,Basketball,1,200.44,Bank Transfer,North Alexis,5.0,F,60,200.44,Senior
50200,2024-05-03,841,50,Sports & Outdoors,Yoga Mat,2,257.01,Bank Transfer,Lake Jason,4.0,F,39,514.02,Adult
52751,2024-09-08,399,50,Sports & Outdoors,Yoga Mat,3,250.37,Cash on Delivery,Coreyfort,4.0,M,43,751.11,Adult
94700,2024-06-15,675,50,Sports & Outdoors,Yoga Mat,3,335.06,Credit Card,Hobbston,5.0,M,23,1005.1800000000001,Young
57585,2025-01-07,394,40,Books & Stationery,Pen,4,494.32,Cash on Delivery,Lauraburgh,5.0,F,50,1977.28,Senior
21731,2024-08-19,206,50,Sports & Outdoors,Tent,5,22.86,Cash on Delivery,Lake Annburgh,5.0,M,34,114.3,Adult
16865,2025-01-06,991,30,Home & Living,Pillow,3,208.47,Bank Transfer,Port Stephanie,0.0,Unknown,39,625.41,Adult
45831,2025-02-07,685,40,Books & Stationery,Eraser,1,151.94,Bank Transfer,Sanchezside,4.0,F,74,151.94,Senior
54627,2024-08-18,297,30,Home & Living,Painting,1,52.33,Bank Transfer,Taraborough,0.0,M,42,52.33,Adult
63665,2024-11-14,747,30,Home & Living,Vase,1,168.47,Cash on Delivery,Stephenmouth,0.0,F,41,168.47,Adult
52278,2024-07-25,749,10,Electronics,Laptop,3,461.91,Bank Transfer,East Sarah,3.0,M,21,1385.73,Young
56829,2024-08-04,839,10,Electronics,Tablet,1,311.67,Bank Transfer,West Justinburgh,0.0,M,59,311.67,Senior
60024,2024-08-21,643,50,Sports & Outdoors,Yoga Mat,5,234.44,Credit Card,Port Suzannebury,0.0,F,71,1172.2,Senior
33851,2024-11-13,713,40,Books & Stationery,Eraser,5,83.92,Credit Card,Mcdanielchester,4.0,F,48,419.6,Adult
96418,2024-09-18,939,30,Home & Living,Carpet,2,325.88,Bank Transfer,New David,5.0,F,64,651.76,Senior
15872,2025-03-14,733,10,Electronics,Smartwatch,2,185.4,Bank Transfer,Reidchester,5.0,M,39,370.8,Adult
72081,2024-07-25,563,40,Books & Stationery,Pen,3,471.32,Credit Card,Trevinoland,0.0,F,63,1413.96,Senior
41166,2024-04-17,783,50,Sports & Outdoors,Yoga Mat,5,51.74,Credit Card,North Matthew,0.0,F,61,258.7,Senior
47231,2024-11-12,802,50,Sports & Outdoors,Tent,2,128.55,Credit Card,Port Elizabeth,2.0,M,23,257.1,Young
77451,2024-07-20,509,20,Fashion,Dress,3,55.58,Credit Card,Andersonside,5.0,F,71,166.74,Senior
69817,2024-12-12,100,10,Electronics,Laptop,4,179.94,Bank Transfer,West Jennifer,0.0,F,18,719.76,Young
59603,2024-09-05,125,20,Fashion,Shirt,2,402.42,Credit Card,New Melissa,2.0,F,28,804.84,Adult
89064,2024-11-10,533,50,Sports & Outdoors,Yoga Mat,3,28.75,Cash on Delivery,Lake Teresafurt,4.0,F,74,86.25,Senior
48366,2024-10-12,292,10,Electronics,Smartwatch,3,327.3,Credit Card,Moraleshaven,5.0,F,48,981.9000000000001,Adult
16821,2024-05-18,175,50,Sports & Outdoors,Tent,4,358.95,Bank Transfer,Port Jeremyfurt,5.0,F,68,1435.8,Senior
30321,2024-12-11,665,30,Home & Living,Pillow,3,477.17,Cash on Delivery,Alvaradoview,4.0,Unknown,59,1431.51,Senior
29305,2024-07-24,596,30,Home & Living,Pillow,3,199.31,Bank Transfer,Port Taraburgh,5.0,M,23,597.9300000000001,Young
21473,2024-10-19,369,20,Fashion,Pants,2,343.37,Cash on Delivery,Aprilton,5.0,M,56,686.74,Senior
33897,2024-06-11,755,50,Sports & Outdoors,Basketball,1,323.43,Credit Card,Port Joseph,5.0,M,48,323.43,Adult
49769,2025-02-11,295,50,Sports & Outdoors,Yoga Mat,5,405.77,Bank Transfer,Garciafurt,0.0,M,26,2028.85,Adult
76010,2024-09-24,248,30,Home & Living,Pillow,1,257.23,Credit Card,Stevenfurt,0.0,F,51,257.23,Senior
71490,2024-04-23,364,40,Books & Stationery,Eraser,1,195.85,Credit Card,Robertton,1.0,M,45,195.85,Adult
41394,2024-12-17,549,30,Home & Living,Pillow,3,429.11,Credit Card,West Larrymouth,3.0,F,69,1287.33,Senior
51106,2025-03-03,222,50,Sports & Outdoors,Tent,2,148.67,Credit Card,New Carol,5.0,M,38,297.34,Adult
62833,2024-04-05,955,20,Fashion,Skirt,1,457.29,Credit Card,East Matthew,1.0,F,71,457.29,Senior
13992,2024-09-28,375,40,Books & Stationery,Eraser,5,25.87,Cash on Delivery,Karenside,3.0,F,40,129.35,Adult
53652,2024-06-14,899,40,Books & Stationery,Novel,5,416.12,Cash on Delivery,Johnmouth,5.0,F,56,2080.6,Senior
72701,2024-03-22,828,50,Sports & Outdoors,Tent,5,395.78,Credit Card,Webbfort,5.0,F,56,1978.8999999999999,Senior
53993,2025-03-06,268,20,Fashion,T-shirt,3,280.9,Cash on Delivery,Whiteborough,5.0,M,47,842.6999999999999,Adult
35793,2024-11-23,427,10,Electronics,Tablet,2,227.71,Credit Card,South Sharonburgh,4.0,F,66,455.42,Senior
29111,2024-11-12,355,30,Home & Living,Carpet,3,265.77,Cash on Delivery,Brownmouth,0.0,F,18,797.31,Young
42780,2024-11-26,482,40,Books & Stationery,Eraser,4,121.29,Credit Card,Port Craigfort,4.0,M,32,485.16,Adult
14376,2025-02-15,840,40,Books & Stationery,Story Book,5,20.46,Bank Transfer,Ericside,3.0,M,34,102.30000000000001,Adult
33094,2024-08-12,298,30,Home & Living,Blanket,2,387.05,Credit Card,Lake Loristad,5.0,Unknown,68,774.1,Senior
54371,2025-02-05,325,20,Fashion,Dress,4,156.87,Cash on Delivery,East Jamesborough,3.0,Unknown,37,627.48,Adult
14872,2024-03-31,353,20,Fashion,Pants,2,272.78,Credit Card,Cynthiaport,4.0,M,32,545.56,Adult
79004,2024-05-14,190,30,Home & Living,Painting,4,68.79,Bank Transfer,Sarahtown,5.0,M,50,275.16,Senior
84575,2024-11-02,922,30,Home & Living,Painting,4,157.95,Cash on Delivery,Perezmouth,4.0,M,68,631.8,Senior
77157,2025-01-07,635,30,Home & Living,Painting,4,323.89,Bank Transfer,Port Pamelatown,2.0,F,61,1295.56,Senior
32522,2024-11-17,638,50,Sports & Outdoors,Soccer Ball,4,422.48,Credit Card,Michaelchester,5.0,M,42,1689.92,Adult
19327,2024-04-26,454,50,Sports & Outdoors,Soccer Ball,3,334.71,Cash on Delivery,Henryborough,5.0,F,26,1004.1299999999999,Adult
45307,2025-01-14,162,40,Books & Stationery,Novel,1,69.76,Cash on Delivery,West Anne,1.0,F,68,69.76,Senior
46834,2024-06-24,506,10,Electronics,Smartphone,5,365.33,Cash on Delivery,Charlesview,3.0,M,24,1826.6499999999999,Young
68220,2024-09-15,961,30,Home & Living,Carpet,2,113.21,Bank Transfer,Jacobburgh,1.0,F,50,226.42,Senior
90910,2024-04-17,280,20,Fashion,Skirt,3,300.18,Bank Transfer,Johnnystad,0.0,M,24,900.54,Young
57366,2024-05-09,267,10,Electronics,Laptop,2,331.86,Bank Transfer,West Joshuahaven,4.0,F,32,663.72,Adult
88142,2024-11-09,992,10,Electronics,Headphones,3,228.85,Bank Transfer,Carlville,1.0,F,50,686.55,Senior
98227,2024-05-25,960,10,Electronics,Tablet,4,356.25,Cash on Delivery,North Stevenborough,2.0,F,75,1425.0,Senior
79898,2024-03-19,871,10,Electronics,Smartphone,5,84.89,Credit Card,Fullerland,5.0,M,68,424.45,Senior
39945,2024-06-06,273,50,Sports & Outdoors,Yoga Mat,5,182.39,Bank Transfer,North Christinaview,2.0,M,75,911.9499999999999,Senior
35822,2024-04-22,748,50,Sports & Outdoors,Basketball,1,473.99,Bank Transfer,Lake Jason,5.0,M,57,473.99,Senior
31593,2025-02-16,343,50,Sports & Outdoors,Tent,1,415.49,Cash on Delivery,Washingtonmouth,5.0,F,44,415.49,Adult
91867,2024-05-20,893,20,Fashion,Shirt,1,316.41,Credit Card,North Stevenshire,4.0,F,45,316.41,Adult
35155,2024-11-19,956,10,Electronics,Tablet,2,496.93,Credit Card,Blackchester,5.0,F,20,993.86,Young
80835,2024-12-26,114,20,Fashion,T-shirt,3,240.05,Bank Transfer,Lake Carla,3.0,F,40,720.1500000000001,Adult
47725,2024-09-12,320,20,Fashion,Dress,3,106.66,Cash on Delivery,Bradleyview,0.0,F,36,319.98,Adult
32206,2024-10-13,400,50,Sports & Outdoors,Running Shoes,4,40.78,Bank Transfer,North Juliaborough,4.0,M,28,163.12,Adult
26392,2025-01-28,282,20,Fashion,Dress,1,467.54,Cash on Delivery,Port Wandashire,3.0,F,73,467.54,Senior
25561,2024-11-23,275,10,Electronics,Headphones,1,330.94,Credit Card,Port Samanthafort,5.0,F,31,330.94,Adult
35514,2024-08-12,791,20,Fashion,Dress,4,216.69,Cash on Delivery,Port Matthewfort,4.0,F,35,866.76,Adult
59875,2024-08-02,210,40,Books & Stationery,Novel,4,334.76,Cash on Delivery,Sherylfort,5.0,Unknown,49,1339.04,Adult
99923,2024-12-28,145,20,Fashion,T-shirt,3,164.64,Bank Transfer,Port Thomasstad,4.0,Unknown,66,493.91999999999996,Senior
88802,2024-11-12,452,20,Fashion,Pants,2,398.91,Cash on Delivery,Sandrafurt,1.0,Unknown,56,797.82,Senior
62323,2024-11-04,308,30,Home & Living,Blanket,5,228.43,Bank Transfer,New Terrancetown,4.0,M,26,1142.15,Adult
95980,2024-12-06,804,40,Books & Stationery,Pen,1,106.07,Cash on Delivery,Haileyville,0.0,F,75,106.07,Senior
72159,2024-05-12,329,40,Books & Stationery,Notebook,3,227.07,Cash on Delivery,Snyderborough,5.0,M,64,681.21,Senior
76505,2024-12-11,295,40,Books & Stationery,Eraser,5,250.07,Bank Transfer,Armstrongberg,5.0,F,19,1250.35,Young
19845,2024-10-26,798,30,Home & Living,Painting,2,367.78,Bank Transfer,New Michaeltown,2.0,M,45,735.56,Adult
30197,2024-07-09,386,40,Books & Stationery,Notebook,1,305.82,Credit Card,Port George,0.0,Unknown,39,305.82,Adult
55421,2025-03-16,315,30,Home & Living,Blanket,2,307.12,Credit Card,New Shawn,4.0,M,26,614.24,Adult
35717,2025-03-10,374,40,Books & Stationery,Novel,1,239.35,Cash on Delivery,Danielmouth,0.0,F,34,239.35,Adult
91017,2025-01-29,408,40,Books & Stationery,Novel,2,436.2,Credit Card,Millermouth,5.0,F,26,872.4,Adult
11871,2024-09-23,479,30,Home & Living,Painting,3,258.28,Bank Transfer,East Kevinchester,5.0,M,65,774.8399999999999,Senior
69068,2024-09-07,220,10,Electronics,Headphones,5,252.5,Cash on Delivery,West Tamiville,5.0,M,71,1262.5,Senior
15824,2024-12-25,119,10,Electronics,Laptop,2,256.91,Bank Transfer,Vincenttown,1.0,Unknown,58,513.82,Senior
74278,2024-10-13,225,50,Sports & Outdoors,Tent,1,304.0,Cash on Delivery,Harrytown,2.0,Unknown,24,304.0,Young
17483,2024-06-11,205,20,Fashion,Pants,4,210.55,Cash on Delivery,Lisafurt,5.0,F,48,842.2,Adult
47349,2025-01-26,517,40,Books & Stationery,Pen,2,382.15,Bank Transfer,Hernandezfort,5.0,F,47,764.3,Adult
24147,2024-08-23,568,30,Home & Living,Painting,1,268.26,Cash on Delivery,Davistown,1.0,M,29,268.26,Adult
89875,2025-01-06,759,40,Books & Stationery,Novel,1,233.24,Cash on Delivery,East Jennifershire,5.0,F,30,233.24,Adult
55184,2024-06-09,151,20,Fashion,Skirt,5,31.41,Bank Transfer,Port Edward,5.0,M,23,157.05,Young
89715,2024-07-06,941,10,Electronics,Headphones,1,213.83,Credit Card,South Lauren,0.0,Unknown,28,213.83,Adult
35246,2024-10-11,209,10,Electronics,Laptop,3,152.68,Bank Transfer,West Lisa,5.0,F,46,458.04,Adult
97102,2024-03-28,663,50,Sports & Outdoors,Yoga Mat,4,286.82,Cash on Delivery,Port Justinbury,3.0,F,55,1147.28,Senior
94304,2025-01-26,701,30,Home & Living,Vase,5,248.88,Credit Card,Lewisfort,4.0,M,56,1244.4,Senior
12817,2024-06-06,466,50,Sports & Outdoors,Tent,4,397.46,Credit Card,North Angela,5.0,M,40,1589.84,Adult
54869,2024-03-29,369,10,Electronics,Smartphone,4,486.84,Cash on Delivery,Martinburgh,5.0,F,42,1947.36,Adult
93663,2024-04-25,482,10,Electronics,Smartwatch,1,297.2,Credit Card,Gonzalesside,0.0,M,53,297.2,Senior
36922,2024-10-17,226,20,Fashion,Dress,1,254.46,Cash on Delivery,Lake Brittanyberg,4.0,M,75,254.46,Senior
91781,2024-03-20,497,10,Electronics,Smartwatch,3,481.95,Cash on Delivery,North Thomas,3.0,F,42,1445.85,Adult
67232,2024-05-29,645,20,Fashion,Dress,2,172.22,Bank Transfer,Meyerchester,1.0,F,52,344.44,Senior
88885,2024-12-13,393,10,Electronics,Headphones,1,112.93,Cash on Delivery,Port Emily,5.0,M,27,112.93,Adult
64578,2024-07-01,650,10,Electronics,Smartwatch,1,35.52,Bank Transfer,Lake Kristy,1.0,M,54,35.52,Senior
69112,2024-06-12,234,40,Books & Stationery,Pen,2,176.13,Credit Card,North Heatherborough,4.0,F,29,352.26,Adult
94597,2024-12-28,241,10,Electronics,Headphones,2,302.59,Credit Card,Griffintown,5.0,F,28,605.18,Adult
48665,2024-05-14,620,10,Electronics,Tablet,2,455.6,Bank Transfer,South Huntermouth,5.0,M,65,911.2,Senior
73069,2024-08-01,171,20,Fashion,Pants,2,278.91,Cash on Delivery,Valerieview,5.0,M,38,557.82,Adult
87690,2024-04-08,775,50,Sports & Outdoors,Running Shoes,5,82.98,Cash on Delivery,East Kristen,0.0,Unknown,41,414.90000000000003,Adult
48551,2025-01-14,374,40,Books & Stationery,Story Book,3,215.43,Cash on Delivery,Deborahview,5.0,F,69,646.29,Senior
62981,2024-07-20,200,30,Home & Living,Painting,2,422.99,Cash on Delivery,Wrightport,5.0,Unknown,67,845.98,Senior
43995,2024-04-26,537,40,Books & Stationery,Novel,4,375.98,Credit Card,South Donna,0.0,F,62,1503.92,Senior
47335,2024-08-25,776,10,Electronics,Tablet,5,310.78,Cash on Delivery,East David,5.0,F,49,1553.8999999999999,Adult
83983,2024-08-01,395,20,Fashion,T-shirt,5,161.05,Credit Card,Blakeshire,5.0,M,55,805.25,Senior
11829,2024-05-10,651,20,Fashion,Pants,5,85.92,Bank Transfer,Brendaton,5.0,M,41,429.6,Adult
43115,2024-12-28,144,50,Sports & Outdoors,Soccer Ball,3,201.32,Bank Transfer,New Joshua,0.0,M,65,603.96,Senior
84991,2024-11-20,434,50,Sports & Outdoors,Yoga Mat,1,198.08,Cash on Delivery,East Anthonymouth,0.0,Unknown,33,198.08,Adult
56269,2024-08-25,575,30,Home & Living,Painting,5,155.73,Credit Card,Leachstad,0.0,F,57,778.65,Senior
99677,2025-02-15,622,10,Electronics,Headphones,4,325.73,Bank Transfer,Kennethstad,5.0,M,70,1302.92,Senior
65571,2024-03-20,646,20,Fashion,Pants,1,135.56,Bank Transfer,Michaelside,0.0,M,20,135.56,Young
53843,2024-11-12,256,30,Home & Living,Painting,5,410.55,Cash on Delivery,New Kimberly,5.0,F,38,2052.75,Adult
38096,2024-05-30,826,40,Books & Stationery,Eraser,1,67.7,Bank Transfer,Georgeville,5.0,M,58,67.7,Senior
71646,2024-09-15,693,30,Home & Living,Blanket,2,60.33,Cash on Delivery,Hernandezmouth,4.0,M,48,120.66,Adult
79379,2024-10-18,411,30,Home & Living,Carpet,5,245.38,Cash on Delivery,East William,5.0,F,54,1226.9,Senior
11645,2024-12-23,642,20,Fashion,T-shirt,5,367.65,Cash on Delivery,Kelseyton,5.0,F,65,1838.25,Senior
50771,2024-05-16,472,50,Sports & Outdoors,Yoga Mat,4,213.76,Cash on Delivery,Garciaville,5.0,F,24,855.04,Young
84661,2024-04-04,129,20,Fashion,Pants,2,272.83,Bank Transfer,Martineztown,4.0,F,38,545.66,Adult
33753,2024-08-18,531,50,Sports & Outdoors,Soccer Ball,3,477.5,Credit Card,Lake Bethmouth,5.0,F,56,1432.5,Senior
56948,2025-01-28,349,20,Fashion,Pants,3,350.64,Cash on Delivery,Port Christopher,0.0,M,55,1051.92,Senior
25091,2025-01-30,766,50,Sports & Outdoors,Tent,5,119.75,Cash on Delivery,Port Laurenfort,5.0,F,20,598.75,Young
48695,2024-04-12,545,30,Home & Living,Blanket,4,191.39,Credit Card,Lake Ian,5.0,F,34,765.56,Adult
20485,2024-06-07,602,20,Fashion,T-shirt,4,333.92,Credit Card,Gregoryview,0.0,M,44,1335.68,Adult
57960,2024-04-09,951,40,Books & Stationery,Pen,1,220.22,Bank Transfer,Connerburgh,3.0,M,29,220.22,Adult
39305,2024-07-25,846,50,Sports & Outdoors,Soccer Ball,4,134.12,Cash on Delivery,Cindyberg,2.0,M,32,536.48,Adult
14109,2024-07-17,149,20,Fashion,T-shirt,5,179.92,Bank Transfer,Romerostad,3.0,M,48,899.5999999999999,Adult
14276,2024-09-14,513,50,Sports & Outdoors,Yoga Mat,5,212.42,Credit Card,East Stevenmouth,0.0,M,73,1062.1,Senior
93036,2025-01-28,964,50,Sports & Outdoors,Yoga Mat,4,189.3,Bank Transfer,Smithburgh,4.0,M,30,757.2,Adult
82689,2024-09-23,254,30,Home & Living,Painting,1,169.29,Cash on Delivery,South Christine,4.0,F,23,169.29,Young
47971,2024-04-06,363,20,Fashion,Dress,5,279.12,Bank Transfer,East Dawn,4.0,F,47,1395.6,Adult
73269,2025-01-03,748,10,Electronics,Smartwatch,2,301.1,Bank Transfer,Conniebury,4.0,F,24,602.2,Young
50139,2024-12-10,905,30,Home & Living,Pillow,4,388.0,Credit Card,Port Vincenttown,3.0,M,53,1552.0,Senior
48362,2024-05-12,186,10,Electronics,Tablet,1,81.21,Cash on Delivery,Guzmanside,0.0,M,45,81.21,Adult
36855,2024-09-22,132,10,Electronics,Headphones,2,301.92,Cash on Delivery,Port Jo,0.0,F,43,603.84,Adult
92942,2025-01-17,489,20,Fashion,Pants,3,171.95,Bank Transfer,Ashleyside,5.0,F,29,515.8499999999999,Adult
71609,2025-01-22,510,20,Fashion,Shirt,2,345.89,Bank Transfer,South Kristenbury,0.0,M,24,691.78,Young
77455,2024-06-29,845,50,Sports & Outdoors,Basketball,3,297.33,Credit Card,Joshuamouth,3.0,M,64,891.99,Senior
44035,2024-08-10,974,10,Electronics,Headphones,4,292.12,Cash on Delivery,Cassandraville,4.0,F,39,1168.48,Adult
72286,2025-02-07,702,10,Electronics,Headphones,5,128.45,Credit Card,Robinhaven,2.0,M,58,642.25,Senior
79476,2024-09-20,880,50,Sports & Outdoors,Basketball,4,322.59,Credit Card,North Cristianview,0.0,M,25,1290.36,Adult
17305,2024-12-26,914,20,Fashion,Pants,5,104.05,Cash on Delivery,Cabrerashire,2.0,M,28,520.25,Adult
74490,2024-05-26,677,50,Sports & Outdoors,Tent,1,409.85,Bank Transfer,Jamesmouth,5.0,M,65,409.85,Senior
19180,2024-08-17,427,30,Home & Living,Pillow,2,351.84,Bank Transfer,New Lauramouth,1.0,F,50,703.68,Senior
21391,2025-01-11,143,10,Electronics,Smartwatch,1,63.56,Bank Transfer,Port Dana,5.0,M,28,63.56,Adult
54614,2024-12-10,704,40,Books & Stationery,Novel,1,55.6,Credit Card,Stephanieshire,4.0,M,61,55.6,Senior
84736,2024-06-27,624,30,Home & Living,Painting,1,218.74,Credit Card,Denisefurt,0.0,F,68,218.74,Senior
55956,2024-05-17,110,20,Fashion,Pants,3,416.88,Cash on Delivery,Smithville,0.0,F,70,1250.6399999999999,Senior
10792,2024-04-21,898,50,Sports & Outdoors,Running Shoes,2,31.51,Credit Card,East Lisaview,5.0,F,49,63.02,Adult
57134,2024-08-29,101,10,Electronics,Headphones,4,49.31,Credit Card,Barronborough,0.0,F,42,197.24,Adult
64016,2024-10-29,970,30,Home & Living,Carpet,1,189.89,Credit Card,Rodgershaven,5.0,F,61,189.89,Senior
